"Table with row headers in columns A and B and column headers in rows 6 through 10","...2","...3","...4","...5","...6","...7","...8","...9","...10","...11","...12","...13","...14","...15","...16","...17","...18","...19","...20","...21","...22","...23","...24","...25","...26","...27","...28","...29","...30","...31","...32","...33","...34","...35","...36","...37","...38","...39","...40","...41","...42","...43","...44","...45","...46","...47","...48","...49","...50","...51","...52","...53","...54","...55","...56"
"Table HI05_ACS. Health Insurance Coverage Status and Type of Coverage by State and Age for All Persons: 2022",NA,NA,NA,NA,NA,NA,NA,NA,NA,NA,NA,NA,NA,NA,NA,NA,NA,NA,NA,NA,NA,NA,NA,NA,NA,NA,NA,NA,NA,NA,NA,NA,NA,NA,NA,NA,NA,NA,NA,NA,NA,NA,NA,NA,NA,NA,NA,NA,NA,NA,NA,NA,NA,NA,NA
"Information on confidentiality protection, sampling error, nonsampling error, and definitions is available at <https://www2.census.gov/programs-surveys/acs/tech_docs/accuracy/ACS_Accuracy_of_Data_2022.pdf>.",NA,NA,NA,NA,NA,NA,NA,NA,NA,NA,NA,NA,NA,NA,NA,NA,NA,NA,NA,NA,NA,NA,NA,NA,NA,NA,NA,NA,NA,NA,NA,NA,NA,NA,NA,NA,NA,NA,NA,NA,NA,NA,NA,NA,NA,NA,NA,NA,NA,NA,NA,NA,NA,NA,NA
"Source: U.S. Census Bureau, 2022 American Community Survey (ACS).",NA,NA,NA,NA,NA,NA,NA,NA,NA,NA,NA,NA,NA,NA,NA,NA,NA,NA,NA,NA,NA,NA,NA,NA,NA,NA,NA,NA,NA,NA,NA,NA,NA,NA,NA,NA,NA,NA,NA,NA,NA,NA,NA,NA,NA,NA,NA,NA,NA,NA,NA,NA,NA,NA,NA
"(Numbers in thousands. Civilian noninstitutionalized population. Margins of error calculated using replicate weights)",NA,NA,NA,NA,NA,NA,NA,NA,NA,NA,NA,NA,NA,NA,NA,NA,NA,NA,NA,NA,NA,NA,NA,NA,NA,NA,NA,NA,NA,NA,NA,NA,NA,NA,NA,NA,NA,NA,NA,NA,NA,NA,NA,NA,NA,NA,NA,NA,NA,NA,NA,NA,NA,NA,NA
"Nation/State","Characteristic","Total",NA,"Any health insurance",NA,NA,NA,NA,NA,NA,NA,NA,NA,NA,NA,NA,NA,NA,NA,NA,NA,NA,NA,NA,NA,NA,NA,NA,NA,NA,NA,NA,NA,NA,NA,NA,NA,NA,NA,NA,NA,NA,NA,NA,NA,NA,NA,NA,NA,NA,NA,"Uninsured",NA,NA,NA
NA,NA,NA,NA,"Number","Margin of error","Percent","Margin of error","Any private health insurance",NA,NA,NA,NA,NA,NA,NA,NA,NA,NA,NA,NA,NA,NA,NA,"Public health insurance",NA,NA,NA,NA,NA,NA,NA,NA,NA,NA,NA,NA,NA,NA,NA,NA,NA,NA,NA,NA,NA,NA,NA,NA,NA,NA,NA,NA,NA,NA,NA
NA,NA,NA,NA,NA,NA,NA,NA,"Number","Margin of error","Percent","Margin of error","Employment-based",NA,NA,NA,"Direct purchase",NA,NA,NA,"TRICARE",NA,NA,NA,"Number","Margin of error","Percent","Margin of error","Covered by Medicaid",NA,NA,NA,NA,NA,NA,NA,"Covered by Medicare",NA,NA,NA,NA,NA,NA,NA,NA,NA,NA,NA,"Covered by VA care",NA,NA,NA,"Number","Margin of error","Percent","Margin of error"
NA,NA,NA,NA,NA,NA,NA,NA,NA,NA,NA,NA,NA,NA,NA,NA,NA,NA,NA,NA,NA,NA,NA,NA,NA,NA,NA,NA,"Number","Margin of error","Percent","Margin of error","Also covered by private insurance",NA,NA,NA,"Number","Margin of error","Percent","Margin of error","Also covered by private insurance",NA,NA,NA,"Also covered by Medicaid",NA,NA,NA,"Number","Margin of error","Percent","Margin of error",NA,NA,NA,NA
NA,NA,"Number","Margin of error",NA,NA,NA,NA,NA,NA,NA,NA,"Number","Margin of error","Percent","Margin of error","Number","Margin of error","Percent","Margin of error","Number","Margin of error","Percent","Margin of error",NA,NA,NA,NA,NA,NA,NA,NA,"Number","Margin of error","Percent","Margin of error",NA,NA,NA,NA,"Number","Margin of error","Percent","Margin of error","Number","Margin of error","Percent","Margin of error",NA,NA,NA,NA,NA,NA,NA,NA
"United States","All people","328300","17","301900","177","92","0.1","220700","456","67.2","0.1","179900","409","54.8","0.1","45720","150","13.9","Z","8925","74","2.7","Z","122000","270","37.2","0.1","69720","289","21.2","0.1","11370","76","3.5","Z","60860","60","18.5","Z","30680","97","9.300000000000001","Z","11540","57","3.5","Z","7358","47","2.2","Z","26370","179","8","0.1"
"United States","Under 65 years","271900","29","246000","164","90.5","0.1","189700","399","69.8","0.2","163000","369","59.9","0.1","29350","129","10.8","Z","5806","57","2.1","Z","68160","285","25.1","0.1","61730","276","22.7","0.1","8596","70","3.2","Z","7079","49","2.6","Z","1900","21","0.7","Z","3552","31","1.3","Z","3591","35","1.3","Z","25910","176","9.5","0.1"
"United States","Under 19 years","76740","53","72810","69","94.90000000000001","0.1","46520","156","60.6","0.2","40240","148","52.4","0.2","6033","58","7.9","0.1","2001","31","2.6","Z","30380","167","39.6","0.2","30070","163","39.2","0.2","3986","49","5.2","0.1","474","19","0.6","Z","99","8","0.1","Z","249","12","0.3","Z","140","9","0.2","Z","3932","56","5.1","0.1"
"United States","19 - 64 years","195100","52","173200","167","88.7","0.1","143200","269","73.40000000000001","0.1","122700","250","62.9","0.1","23320","96","11.9","Z","3805","41","1.9","Z","37790","151","19.4","0.1","31670","142","16.2","0.1","4610","40","2.4","Z","6605","47","3.4","Z","1801","22","0.9","Z","3303","31","1.7","Z","3451","34","1.8","Z","21980","150","11.3","0.1"
"United States","65 years and over","56420","24","55960","30","99.2","Z","30930","91","54.8","0.2","16950","77","30","0.1","16370","64","29","0.1","3119","31","5.5","0.1","53840","41","95.40000000000001","0.1","7986","45","14.2","0.1","2772","27","4.9","Z","53780","41","95.3","0.1","28780","95","51","0.2","7986","45","14.2","0.1","3767","32","6.7","0.1","457","14","0.8","Z"
"Alabama","All people","4989","2","4551","17","91.2","0.3","3342","25","67","0.5","2675","26","53.6","0.5","714","16","14.3","0.3","245","10","4.9","0.2","1917","20","38.4","0.4","1023","21","20.5","0.4","192","11","3.8","0.2","1038","8","20.8","0.2","548","10","11","0.2","202","8","4.1","0.2","142","7","2.8","0.1","437","17","8.800000000000001","0.3"
"Alabama","Under 65 years","4099","4","3665","17","89.40000000000001","0.4","2824","23","68.90000000000001","0.6","2375","26","57.9","0.6","476","15","11.6","0.4","147","8","3.6","0.2","1052","21","25.7","0.5","893","20","21.8","0.5","132","10","3.2","0.2","174","8","4.2","0.2","53","4","1.3","0.1","72","5","1.8","0.1","74","6","1.8","0.1","434","17","10.6","0.4"
"Alabama","Under 19 years","1183","6","1145","8","96.90000000000001","0.4","655","12","55.4","0.9","553","12","46.7","1","91","7","7.7","0.5","45","5","3.8","0.4","548","14","46.4","1.1","543","13","45.9","1.1","57","7","4.8","0.6","8","2","0.7","0.2","2","1","0.1","0.1","4","1","0.3","0.1","1","1","0.1","Z","37","5","3.1","0.4"
"Alabama","19 - 64 years","2916","7","2520","17","86.40000000000001","0.5","2169","19","74.40000000000001","0.6","1822","22","62.5","0.7","384","13","13.2","0.4","101","6","3.5","0.2","504","13","17.3","0.5","350","11","12","0.4","75","6","2.6","0.2","166","8","5.7","0.3","51","4","1.8","0.1","69","5","2.3","0.2","73","6","2.5","0.2","397","16","13.6","0.5"
"Alabama","65 years and over","890","3","886","3","99.59999999999999","0.1","517","8","58.1","0.9","301","8","33.8","0.9","239","7","26.8","0.8","98","5","11","0.6","865","4","97.2","0.3","130","5","14.6","0.5","60","4","6.8","0.4","864","4","97.09999999999999","0.3","495","9","55.7","1","130","5","14.6","0.5","67","4","7.6","0.4","4","1","0.4","0.1"
"Alaska","All people","702","3","625","6","89","0.8","466","8","66.40000000000001","1.2","388","10","55.4","1.3","61","5","8.699999999999999","0.7","58","6","8.300000000000001","0.8","261","8","37.2","1.2","162","8","23.1","1.1","34","4","4.8","0.5","105","3","14.9","0.4","61","3","8.800000000000001","0.4","21","2","3","0.4","28","3","4","0.4","77","6","11","0.8"
"Alaska","Under 65 years","602","3","526","6","87.40000000000001","0.9","402","8","66.8","1.3","341","9","56.6","1.4","44","5","7.4","0.8","44","5","7.4","0.9","167","8","27.7","1.3","148","8","24.6","1.3","29","4","4.8","0.6","11","2","1.8","0.3","3","1","0.4","0.2","6","2","1.1","0.3","16","2","2.6","0.4","76","6","12.6","0.9"
"Alaska","Under 19 years","183","2","168","3","91.59999999999999","1.3","111","4","60.7","2.3","91","5","49.8","2.5","8","2","4.4","1.2","18","3","9.800000000000001","1.8","72","4","39.1","2.2","70","4","38.5","2.2","14","3","7.8","1.4","1","Z","0.5","0.3","1","Z","0.3","0.2","Z","Z","0.2","0.2","1","Z","0.5","0.3","15","2","8.4","1.3"
"Alaska","19 - 64 years","418","3","358","5","85.59999999999999","1","291","6","69.5","1.3","249","6","59.6","1.5","36","4","8.699999999999999","1","26","3","6.3","0.7","95","6","22.7","1.4","77","5","18.5","1.2","15","2","3.5","0.5","10","2","2.4","0.4","2","1","0.5","0.2","6","1","1.5","0.4","15","2","3.6","0.5","60","5","14.4","1"
"Alaska","65 years and over","100","1","99","1","98.59999999999999","0.5","64","3","63.7","2.7","48","3","47.8","2.9","17","2","16.8","2.4","14","2","13.6","1.7","94","1","94","1.2","14","2","14.2","1.8","5","1","4.6","1.2","94","2","93.59999999999999","1.2","59","3","58.8","2.7","14","2","14.2","1.8","12","1","12.3","1.3","1","Z","1.4","0.5"
"Arizona","All people","7252","3","6503","24","89.7","0.3","4630","36","63.9","0.5","3715","38","51.2","0.5","977","25","13.5","0.3","241","13","3.3","0.2","2780","34","38.3","0.5","1507","34","20.8","0.5","235","13","3.2","0.2","1423","8","19.6","0.1","685","12","9.5","0.2","225","8","3.1","0.1","205","7","2.8","0.1","749","24","10.3","0.3"
"Arizona","Under 65 years","5890","3","5153","24","87.5","0.4","3934","35","66.8","0.6","3389","37","57.5","0.6","578","22","9.800000000000001","0.4","140","12","2.4","0.2","1474","35","25","0.6","1339","35","22.7","0.6","179","12","3","0.2","119","7","2","0.1","34","3","0.6","0.1","57","4","1","0.1","92","6","1.6","0.1","737","24","12.5","0.4"
"Arizona","Under 19 years","1683","4","1541","11","91.59999999999999","0.6","993","18","59","1.1","853","17","50.7","1","131","10","7.8","0.6","47","6","2.8","0.4","631","18","37.5","1.1","625","19","37.2","1.1","81","7","4.8","0.4","8","2","0.5","0.1","2","1","0.1","0.1","4","1","0.2","0.1","2","1","0.1","0.1","142","11","8.4","0.6"
"Arizona","19 - 64 years","4207","5","3612","20","85.90000000000001","0.4","2941","24","69.90000000000001","0.6","2536","26","60.3","0.6","448","15","10.6","0.4","93","7","2.2","0.2","843","23","20.1","0.5","713","22","17","0.5","98","7","2.3","0.2","111","6","2.6","0.1","31","3","0.7","0.1","53","4","1.3","0.1","90","6","2.1","0.1","595","18","14.1","0.4"
"Arizona","65 years and over","1362","2","1350","3","99.09999999999999","0.2","697","11","51.1","0.8","326","9","23.9","0.7","398","11","29.3","0.8","101","5","7.4","0.4","1306","5","95.90000000000001","0.3","168","6","12.3","0.5","57","4","4.2","0.3","1304","5","95.8","0.3","652","11","47.9","0.8","168","6","12.3","0.5","113","5","8.300000000000001","0.4","12","2","0.9","0.2"
"Arkansas","All people","2991","2","2739","13","91.59999999999999","0.4","1794","24","60","0.8","1408","22","47.1","0.7","415","15","13.9","0.5","90","6","3","0.2","1346","20","45","0.7","819","19","27.4","0.6","120","8","4","0.3","621","6","20.8","0.2","298","7","10","0.2","128","6","4.3","0.2","97","5","3.2","0.2","252","13","8.4","0.4"
"Arkansas","Under 65 years","2468","3","2218","13","89.90000000000001","0.5","1515","23","61.4","0.9","1287","21","52.2","0.9","242","13","9.800000000000001","0.5","48","4","2","0.2","836","19","33.9","0.8","745","19","30.2","0.8","92","8","3.7","0.3","112","6","4.5","0.2","30","3","1.2","0.1","54","4","2.2","0.2","46","4","1.9","0.2","250","13","10.1","0.5"
"Arkansas","Under 19 years","740","4","696","8","94.09999999999999","0.8","355","12","47.9","1.5","307","11","41.5","1.4","45","5","6.1","0.7","14","3","1.9","0.3","384","12","51.9","1.6","381","12","51.4","1.6","41","5","5.6","0.7","5","2","0.7","0.2","1","1","0.1","0.1","3","1","0.5","0.2","3","1","0.4","0.2","44","6","5.9","0.8"
"Arkansas","19 - 64 years","1728","4","1522","9","88.09999999999999","0.5","1161","14","67.2","0.8","981","14","56.7","0.8","197","10","11.4","0.6","34","3","2","0.2","452","11","26.2","0.6","365","11","21.1","0.6","50","4","2.9","0.3","107","5","6.2","0.3","29","3","1.7","0.2","51","4","2.9","0.2","43","3","2.5","0.2","206","9","11.9","0.5"
"Arkansas","65 years and over","523","2","521","3","99.5","0.2","278","6","53.2","1.2","121","5","23","0.9","173","6","33","1.2","42","3","8","0.6","510","3","97.5","0.3","73","4","14","0.9","29","3","5.5","0.5","509","3","97.2","0.4","267","7","51.1","1.3","73","4","14","0.9","51","3","9.699999999999999","0.6","2","1","0.5","0.2"
"California","All people","38550","8","36060","40","93.5","0.1","24580","80","63.8","0.2","20240","75","52.5","0.2","5064","47","13.1","0.1","636","23","1.7","0.1","15420","75","40","0.2","10410","76","27","0.2","1369","26","3.6","0.1","6358","21","16.5","0.1","2746","21","7.1","0.1","1585","26","4.1","0.1","564","12","1.5","Z","2492","40","6.5","0.1"
"California","Under 65 years","32490","9","30070","40","92.5","0.1","21690","77","66.7","0.2","18440","71","56.8","0.2","3740","48","11.5","0.1","430","21","1.3","0.1","9729","74","29.9","0.2","9181","70","28.3","0.2","1089","25","3.4","0.1","680","18","2.1","0.1","158","8","0.5","Z","352","11","1.1","Z","282","11","0.9","Z","2424","39","7.5","0.1"
"California","Under 19 years","9017","9","8729","15","96.8","0.2","5285","40","58.6","0.4","4541","35","50.4","0.4","798","20","8.800000000000001","0.2","164","11","1.8","0.1","3946","41","43.8","0.5","3899","41","43.2","0.4","491","16","5.4","0.2","84","7","0.9","0.1","12","2","0.1","Z","42","5","0.5","0.1","13","2","0.1","Z","287","14","3.2","0.2"
"California","19 - 64 years","23480","13","21340","33","90.90000000000001","0.1","16400","50","69.90000000000001","0.2","13900","51","59.2","0.2","2943","35","12.5","0.1","267","13","1.1","0.1","5783","46","24.6","0.2","5282","43","22.5","0.2","598","18","2.5","0.1","596","15","2.5","0.1","146","8","0.6","Z","310","10","1.3","Z","270","10","1.1","Z","2137","33","9.1","0.1"
"California","65 years and over","6055","5","5987","7","98.90000000000001","0.1","2893","20","47.8","0.3","1797","17","29.7","0.3","1324","17","21.9","0.3","206","8","3.4","0.1","5687","11","93.90000000000001","0.2","1232","21","20.4","0.4","280","9","4.6","0.2","5678","11","93.8","0.2","2588","19","42.7","0.3","1232","21","20.4","0.4","282","8","4.7","0.1","68","5","1.1","0.1"
"Colorado","All people","5742","3","5334","15","92.90000000000001","0.3","4049","26","70.5","0.5","3295","26","57.4","0.5","781","18","13.6","0.3","218","12","3.8","0.2","1913","25","33.3","0.4","1059","25","18.4","0.4","174","10","3","0.2","932","7","16.2","0.1","453","9","7.9","0.2","142","6","2.5","0.1","137","7","2.4","0.1","409","16","7.1","0.3"
"Colorado","Under 65 years","4846","4","4444","16","91.7","0.3","3575","26","73.8","0.5","3049","26","62.9","0.5","525","17","10.8","0.4","157","11","3.2","0.2","1064","25","22","0.5","962","25","19.8","0.5","138","9","2.8","0.2","84","6","1.7","0.1","21","2","0.4","0.1","45","5","0.9","0.1","76","6","1.6","0.1","402","16","8.300000000000001","0.3"
"Colorado","Under 19 years","1285","5","1223","7","95.2","0.4","848","16","66","1.3","719","15","56","1.1","106","7","8.199999999999999","0.6","56","6","4.3","0.4","438","15","34.1","1.2","430","15","33.5","1.2","60","6","4.7","0.5","11","4","0.8","0.3","2","1","0.2","0.1","6","3","0.5","0.2","3","1","0.3","0.1","62","6","4.8","0.4"
"Colorado","19 - 64 years","3561","6","3221","15","90.40000000000001","0.4","2727","17","76.59999999999999","0.5","2329","19","65.40000000000001","0.5","419","13","11.8","0.4","102","7","2.9","0.2","626","15","17.6","0.4","532","15","14.9","0.4","78","6","2.2","0.2","74","5","2.1","0.1","19","2","0.5","0.1","39","4","1.1","0.1","73","5","2","0.1","340","14","9.6","0.4"
"Colorado","65 years and over","897","3","890","3","99.3","0.2","474","9","52.8","1","246","8","27.4","0.9","255","8","28.5","0.9","61","4","6.8","0.5","849","4","94.7","0.4","97","5","10.8","0.5","36","3","4","0.3","848","4","94.59999999999999","0.4","432","9","48.2","1","97","5","10.8","0.5","61","4","6.8","0.4","6","2","0.7","0.2"
"Connecticut","All people","3582","1","3397","10","94.8","0.3","2470","23","68.90000000000001","0.6","2110","25","58.9","0.7","443","14","12.4","0.4","37","5","1","0.1","1346","22","37.6","0.6","802","23","22.4","0.6","125","9","3.5","0.2","675","6","18.8","0.2","325","8","9.1","0.2","146","8","4.1","0.2","46","5","1.3","0.1","185","11","5.2","0.3"
"Connecticut","Under 65 years","2937","2","2758","11","93.90000000000001","0.4","2128","22","72.5","0.7","1893","24","64.5","0.8","279","12","9.5","0.4","25","5","0.8","0.2","740","21","25.2","0.7","696","21","23.7","0.7","90","8","3","0.3","70","5","2.4","0.2","18","2","0.6","0.1","41","4","1.4","0.1","19","3","0.6","0.1","180","10","6.1","0.4"
"Connecticut","Under 19 years","781","4","756","5","96.8","0.5","509","11","65.3","1.4","462","11","59.2","1.3","52","6","6.6","0.7","8","2","1","0.3","287","11","36.8","1.4","286","11","36.7","1.4","40","6","5.1","0.7","3","2","0.4","0.2","1","Z","0.1","0.1","3","2","0.4","0.2","Z","Z","Z","Z","25","4","3.2","0.5"
"Connecticut","19 - 64 years","2157","4","2002","10","92.8","0.4","1619","15","75.09999999999999","0.7","1431","17","66.40000000000001","0.8","227","9","10.5","0.4","17","3","0.8","0.1","453","14","21","0.6","410","14","19","0.6","50","4","2.3","0.2","66","5","3.1","0.2","17","2","0.8","0.1","38","4","1.8","0.2","19","3","0.9","0.2","155","9","7.2","0.4"
"Connecticut","65 years and over","645","2","640","2","99.2","0.2","341","7","52.9","1.1","217","7","33.7","1.1","164","6","25.4","0.9","12","2","1.9","0.3","606","4","94","0.6","105","6","16.3","0.9","36","3","5.6","0.5","605","4","93.8","0.5","308","7","47.7","1.1","105","6","16.3","0.9","27","3","4.2","0.5","5","1","0.8","0.2"
"Delaware","All people","1006","1","949","6","94.40000000000001","0.6","722","12","71.8","1.2","605","12","60.2","1.2","143","8","14.3","0.8","39","6","3.8","0.5","397","10","39.5","1","199","10","19.8","1","39","5","3.8","0.5","221","3","22","0.3","140","4","13.9","0.4","30","3","3","0.3","21","2","2.1","0.2","57","6","5.6","0.6"
"Delaware","Under 65 years","797","1","742","6","93.09999999999999","0.8","582","11","73","1.4","518","11","65","1.4","73","6","9.1","0.7","22","5","2.8","0.6","196","10","24.6","1.2","180","10","22.6","1.3","29","4","3.6","0.5","20","3","2.6","0.3","6","1","0.7","0.2","11","2","1.4","0.3","9","2","1.1","0.2","55","6","6.9","0.8"
"Delaware","Under 19 years","223","2","215","3","96.59999999999999","0.9","144","7","64.5","2.9","126","6","56.4","2.7","18","3","8.1","1.5","7","2","3.3","1","85","6","38.4","2.8","85","6","38.1","2.8","14","3","6.1","1.2","1","1","0.4","0.3","Z","Z","Z","Z","1","1","0.3","0.3","Z","Z","0.1","0.2","7","2","3.4","0.9"
"Delaware","19 - 64 years","575","2","527","6","91.7","0.9","439","8","76.3","1.3","392","8","68.3","1.3","55","4","9.5","0.7","15","3","2.6","0.6","111","6","19.3","1.1","95","6","16.6","1","15","3","2.6","0.4","19","2","3.4","0.4","6","1","1","0.2","11","2","1.8","0.3","8","2","1.4","0.3","48","5","8.300000000000001","0.9"
"Delaware","65 years and over","208","1","207","1","99.3","0.3","140","4","67.09999999999999","1.8","87","4","41.7","2","71","4","33.9","1.8","17","3","7.9","1.3","201","1","96.59999999999999","0.6","19","2","9.199999999999999","1","10","1","4.8","0.7","201","1","96.5","0.6","134","4","64.3","1.8","19","2","9.199999999999999","1","12","2","5.8","0.7","2","1","0.7","0.3"
"District of Columbia","All people","661","1","642","4","97.09999999999999","0.5","480","10","72.5","1.5","412","11","62.3","1.7","80","6","12.2","0.9","12","3","1.8","0.5","224","10","33.8","1.5","160","11","24.1","1.6","19","3","2.9","0.5","89","3","13.5","0.4","47","3","7.1","0.4","30","3","4.5","0.5","10","2","1.6","0.3","19","3","2.9","0.5"
"District of Columbia","Under 65 years","576","1","557","4","96.7","0.6","428","10","74.2","1.7","373","11","64.7","1.9","61","6","10.5","1","11","3","1.8","0.5","146","10","25.3","1.7","138","10","24","1.7","12","3","2","0.5","12","2","2","0.4","2","1","0.4","0.2","8","2","1.5","0.4","6","2","1","0.3","19","3","3.3","0.6"
"District of Columbia","Under 19 years","134","2","132","2","98.59999999999999","0.9","80","6","59.3","4.2","67","6","49.9","4.4","12","3","9","1.9","4","1","2.8","1.1","56","6","41.9","4.4","56","6","41.9","4.4","3","2","2.6","1.3","Z","1","0.4","0.4","0","0","0","0","Z","1","0.4","0.4","0","0","0","0","2","1","1.4","0.9"
"District of Columbia","19 - 64 years","442","2","425","4","96.09999999999999","0.7","348","7","78.8","1.6","306","8","69.2","1.7","48","5","11","1.1","7","2","1.6","0.4","90","6","20.3","1.4","82","7","18.6","1.5","8","2","1.8","0.4","11","2","2.5","0.6","2","1","0.5","0.2","8","2","1.8","0.5","6","2","1.3","0.4","17","3","3.9","0.7"
"District of Columbia","65 years and over","85","Z","85","1","99.3","0.5","52","3","61","2.9","39","3","45.8","3","20","2","23.2","2.2","1","1","1.6","0.8","78","1","91.2","1.7","21","2","24.8","2.6","7","1","8.699999999999999","1.5","78","2","90.90000000000001","1.8","45","3","52.6","2.9","21","2","24.8","2.6","5","1","5.6","1.2","1","Z","0.7","0.5"
"Florida","All people","21900","6","19460","36","88.8","0.2","13940","65","63.6","0.3","9968","72","45.5","0.3","4128","49","18.8","0.2","789","25","3.6","0.1","8219","51","37.5","0.2","3904","48","17.8","0.2","586","21","2.7","0.1","4927","20","22.5","0.1","2171","24","9.9","0.1","868","18","4","0.1","641","14","2.9","0.1","2448","36","11.2","0.2"
"Florida","Under 65 years","17210","8","14820","36","86.09999999999999","0.2","11720","63","68.09999999999999","0.4","8876","70","51.6","0.4","2890","46","16.8","0.3","479","22","2.8","0.1","3747","49","21.8","0.3","3243","45","18.8","0.3","389","18","2.3","0.1","460","15","2.7","0.1","121","7","0.7","Z","207","10","1.2","0.1","303","11","1.8","0.1","2396","36","13.9","0.2"
"Florida","Under 19 years","4541","8","4204","17","92.59999999999999","0.4","2512","32","55.3","0.7","1958","31","43.1","0.7","513","18","11.3","0.4","143","12","3.1","0.3","1868","31","41.1","0.7","1846","31","40.7","0.7","168","11","3.7","0.2","27","4","0.6","0.1","5","1","0.1","Z","12","2","0.3","0.1","10","2","0.2","0.1","336","17","7.4","0.4"
"Florida","19 - 64 years","12670","10","10610","32","83.8","0.2","9206","43","72.59999999999999","0.3","6917","48","54.6","0.4","2377","37","18.8","0.3","336","13","2.6","0.1","1880","29","14.8","0.2","1397","23","11","0.2","221","11","1.7","0.1","433","15","3.4","0.1","116","7","0.9","0.1","195","10","1.5","0.1","293","11","2.3","0.1","2059","29","16.2","0.2"
"Florida","65 years and over","4691","5","4639","6","98.90000000000001","0.1","2219","24","47.3","0.5","1092","19","23.3","0.4","1238","19","26.4","0.4","310","12","6.6","0.2","4471","11","95.3","0.2","661","13","14.1","0.3","197","7","4.2","0.2","4467","11","95.2","0.2","2050","22","43.7","0.5","661","13","14.1","0.3","338","9","7.2","0.2","52","5","1.1","0.1"
"Georgia","All people","10720","4","9467","27","88.3","0.2","7139","48","66.59999999999999","0.4","5773","46","53.9","0.4","1483","30","13.8","0.3","436","18","4.1","0.2","3536","32","33","0.3","1966","32","18.3","0.3","357","14","3.3","0.1","1780","11","16.6","0.1","870","13","8.1","0.1","348","10","3.2","0.1","275","9","2.6","0.1","1251","26","11.7","0.2"
"Georgia","Under 65 years","9111","6","7874","27","86.40000000000001","0.3","6289","45","69","0.5","5288","43","58","0.5","1073","29","11.8","0.3","306","16","3.4","0.2","1998","33","21.9","0.4","1724","31","18.9","0.3","260","14","2.9","0.2","245","9","2.7","0.1","76","5","0.8","0.1","106","7","1.2","0.1","161","7","1.8","0.1","1237","26","13.6","0.3"
"Georgia","Under 19 years","2665","9","2499","13","93.8","0.4","1525","24","57.2","0.9","1284","22","48.2","0.8","221","11","8.300000000000001","0.4","110","9","4.1","0.3","1107","21","41.5","0.8","1092","21","41","0.8","128","9","4.8","0.4","20","4","0.7","0.1","5","2","0.2","0.1","8","2","0.3","0.1","5","2","0.2","0.1","166","10","6.2","0.4"
"Georgia","19 - 64 years","6446","12","5375","25","83.40000000000001","0.4","4764","31","73.90000000000001","0.5","4004","31","62.1","0.5","852","23","13.2","0.3","196","11","3","0.2","891","20","13.8","0.3","631","17","9.800000000000001","0.3","132","8","2","0.1","226","8","3.5","0.1","71","5","1.1","0.1","99","6","1.5","0.1","157","7","2.4","0.1","1071","23","16.6","0.4"
"Georgia","65 years and over","1607","4","1593","5","99.09999999999999","0.2","850","11","52.9","0.7","486","10","30.2","0.6","410","10","25.5","0.6","130","6","8.1","0.4","1537","7","95.7","0.3","242","8","15.1","0.5","97","6","6","0.4","1535","7","95.5","0.3","794","12","49.4","0.7","242","8","15.1","0.5","114","5","7.1","0.3","14","2","0.9","0.2"
"Hawaii","All people","1384","3","1335","6","96.5","0.4","1038","11","75","0.8","848","13","61.3","1","190","8","13.7","0.6","111","8","8","0.5","545","11","39.4","0.8","271","11","19.6","0.8","55","6","4","0.4","294","3","21.2","0.2","193","5","14","0.4","39","3","2.8","0.2","41","3","3","0.2","49","6","3.5","0.4"
"Hawaii","Under 65 years","1094","3","1047","6","95.7","0.5","839","10","76.7","1","698","12","63.8","1.1","118","7","10.8","0.7","84","7","7.7","0.6","272","10","24.9","0.9","239","11","21.9","1","41","5","3.8","0.5","22","3","2","0.2","9","2","0.9","0.2","7","1","0.6","0.1","21","2","1.9","0.2","47","5","4.3","0.5"
"Hawaii","Under 19 years","311","1","302","3","97","0.6","209","6","67.3","2","160","7","51.4","2.1","26","3","8.4","1.1","40","4","12.8","1.3","112","6","36.1","2","110","7","35.5","2.1","18","3","5.9","1.1","1","1","0.5","0.2","1","Z","0.2","0.1","1","Z","0.2","0.1","1","1","0.4","0.2","9","2","3","0.6"
"Hawaii","19 - 64 years","783","3","745","5","95.2","0.5","629","7","80.40000000000001","0.9","539","9","68.8","1.1","92","5","11.7","0.6","44","4","5.7","0.5","160","7","20.5","0.8","129","6","16.4","0.8","23","3","2.9","0.4","20","3","2.6","0.3","9","2","1.1","0.2","6","1","0.8","0.2","20","2","2.5","0.3","38","4","4.8","0.5"
"Hawaii","65 years and over","290","1","288","1","99.40000000000001","0.2","200","5","68.90000000000001","1.5","150","4","51.6","1.5","72","4","25","1.3","27","2","9.199999999999999","0.8","273","2","94.09999999999999","0.6","32","3","11.2","0.9","14","2","4.7","0.6","272","2","93.90000000000001","0.6","184","5","63.4","1.6","32","3","11.2","0.9","20","2","6.9","0.6","2","1","0.6","0.2"
"Idaho","All people","1912","2","1755","10","91.8","0.5","1306","18","68.3","0.9","1014","18","53","1","307","13","16.1","0.7","64","5","3.4","0.3","712","15","37.2","0.8","393","14","20.6","0.7","82","7","4.3","0.4","357","5","18.7","0.3","186","6","9.699999999999999","0.3","60","4","3.1","0.2","56","4","2.9","0.2","157","10","8.199999999999999","0.5"
"Idaho","Under 65 years","1590","2","1436","10","90.3","0.6","1125","16","70.7","1","946","18","59.5","1.1","191","11","12","0.7","38","5","2.4","0.3","400","15","25.1","0.9","358","14","22.5","0.9","67","7","4.2","0.4","45","5","2.9","0.3","12","2","0.8","0.1","25","3","1.6","0.2","26","3","1.6","0.2","154","9","9.699999999999999","0.6"
"Idaho","Under 19 years","494","3","466","5","94.3","0.8","318","9","64.40000000000001","1.7","267","9","54.1","1.9","47","6","9.6","1.2","13","3","2.6","0.5","184","8","37.1","1.6","181","8","36.7","1.7","36","5","7.2","1","4","1","0.7","0.3","Z","Z","0.1","0.1","2","1","0.3","0.1","Z","Z","Z","Z","28","4","5.7","0.8"
"Idaho","19 - 64 years","1096","4","970","8","88.5","0.7","807","10","73.59999999999999","0.9","678","11","61.9","1","143","7","13.1","0.6","25","3","2.3","0.3","216","8","19.7","0.8","176","8","16.1","0.7","31","3","2.8","0.3","42","4","3.8","0.4","12","2","1.1","0.2","23","3","2.1","0.3","25","3","2.3","0.2","126","8","11.5","0.7"
"Idaho","65 years and over","322","2","319","2","99.3","0.4","181","5","56.3","1.5","68","4","21.1","1.2","117","5","36.3","1.6","26","3","8.1","0.9","312","2","97.09999999999999","0.6","35","3","11","0.8","15","2","4.6","0.6","312","2","97","0.6","174","5","54","1.6","35","3","11","0.8","30","2","9.4","0.7","2","1","0.7","0.4"
"Illinois","All people","12410","2","11600","23","93.40000000000001","0.2","8605","50","69.3","0.4","7304","49","58.8","0.4","1597","26","12.9","0.2","155","8","1.3","0.1","4443","44","35.8","0.4","2513","40","20.2","0.3","352","18","2.8","0.1","2230","11","18","0.1","1151","14","9.300000000000001","0.1","372","9","3","0.1","200","8","1.6","0.1","813","23","6.6","0.2"
"Illinois","Under 65 years","10310","4","9516","23","92.3","0.2","7426","47","72","0.5","6651","47","64.5","0.5","936","22","9.1","0.2","102","8","1","0.1","2448","43","23.7","0.4","2256","40","21.9","0.4","265","17","2.6","0.2","237","10","2.3","0.1","62","5","0.6","Z","115","5","1.1","Z","87","6","0.8","0.1","797","23","7.7","0.2"
"Illinois","Under 19 years","2879","6","2780","10","96.59999999999999","0.3","1823","22","63.3","0.8","1658","22","57.6","0.8","182","11","6.3","0.4","33","4","1.1","0.1","1096","23","38","0.8","1086","23","37.7","0.8","134","11","4.7","0.4","16","3","0.5","0.1","4","2","0.1","0.1","8","2","0.3","0.1","3","1","0.1","Z","99","9","3.4","0.3"
"Illinois","19 - 64 years","7434","8","6736","21","90.59999999999999","0.3","5604","34","75.40000000000001","0.4","4993","34","67.2","0.4","755","16","10.2","0.2","69","5","0.9","0.1","1353","27","18.2","0.4","1170","23","15.7","0.3","131","8","1.8","0.1","222","9","3","0.1","58","5","0.8","0.1","107","5","1.4","0.1","84","6","1.1","0.1","698","19","9.4","0.3"
"Illinois","65 years and over","2100","2","2084","3","99.2","0.1","1178","13","56.1","0.6","653","10","31.1","0.5","661","13","31.5","0.6","54","3","2.5","0.2","1995","6","95","0.2","257","8","12.2","0.4","87","5","4.1","0.2","1993","6","94.90000000000001","0.2","1089","12","51.8","0.6","257","8","12.2","0.4","113","5","5.4","0.2","17","2","0.8","0.1"
"Indiana","All people","6738","1","6268","16","93","0.2","4606","35","68.40000000000001","0.5","3870","37","57.4","0.5","873","21","13","0.3","108","9","1.6","0.1","2481","28","36.8","0.4","1393","27","20.7","0.4","222","10","3.3","0.1","1246","8","18.5","0.1","628","11","9.300000000000001","0.2","212","7","3.2","0.1","141","6","2.1","0.1","469","16","7","0.2"
"Indiana","Under 65 years","5621","4","5157","16","91.7","0.3","3987","32","70.90000000000001","0.6","3575","35","63.6","0.6","494","17","8.800000000000001","0.3","68","7","1.2","0.1","1401","28","24.9","0.5","1270","27","22.6","0.5","170","9","3","0.2","168","8","3","0.1","41","3","0.7","0.1","88","6","1.6","0.1","66","5","1.2","0.1","464","16","8.300000000000001","0.3"
"Indiana","Under 19 years","1666","5","1575","8","94.5","0.4","1041","18","62.5","1.1","946","18","56.8","1.1","99","7","5.9","0.4","23","4","1.4","0.2","616","18","37","1.1","609","17","36.5","1","80","6","4.8","0.4","13","4","0.8","0.2","2","1","0.1","Z","7","2","0.4","0.1","2","1","0.1","0.1","91","7","5.5","0.4"
"Indiana","19 - 64 years","3955","6","3582","15","90.59999999999999","0.3","2946","23","74.5","0.5","2628","25","66.5","0.6","395","13","10","0.3","45","4","1.1","0.1","785","17","19.8","0.4","661","16","16.7","0.4","90","5","2.3","0.1","154","7","3.9","0.2","38","3","1","0.1","82","6","2.1","0.1","64","5","1.6","0.1","372","14","9.4","0.3"
"Indiana","65 years and over","1117","3","1111","4","99.5","0.1","619","10","55.5","0.9","295","8","26.4","0.7","379","10","34","0.9","40","3","3.6","0.3","1080","5","96.7","0.3","124","5","11.1","0.4","52","3","4.6","0.3","1078","5","96.5","0.3","587","10","52.6","0.9","124","5","11.1","0.4","76","4","6.8","0.4","6","1","0.5","0.1"
"Iowa","All people","3153","1","3013","7","95.5","0.2","2313","16","73.3","0.5","1876","19","59.5","0.6","508","11","16.1","0.3","50","5","1.6","0.2","1160","15","36.8","0.5","623","15","19.8","0.5","135","7","4.3","0.2","611","5","19.4","0.2","345","6","11","0.2","97","5","3.1","0.1","74","4","2.3","0.1","141","7","4.5","0.2"
"Iowa","Under 65 years","2590","3","2451","7","94.59999999999999","0.3","1968","15","76","0.6","1761","19","68","0.7","256","9","9.9","0.4","28","4","1.1","0.2","612","15","23.6","0.6","565","14","21.8","0.5","106","6","4.1","0.2","63","4","2.4","0.2","14","2","0.6","0.1","38","3","1.5","0.1","29","3","1.1","0.1","140","7","5.4","0.3"
"Iowa","Under 19 years","762","4","734","4","96.3","0.4","513","10","67.3","1.2","472","10","62","1.3","49","4","6.4","0.5","9","2","1.1","0.3","274","9","36","1.2","273","9","35.8","1.2","53","4","7","0.5","4","1","0.5","0.2","1","1","0.1","0.1","3","1","0.3","0.1","1","1","0.2","0.2","28","3","3.7","0.4"
"Iowa","19 - 64 years","1828","4","1717","6","93.90000000000001","0.3","1454","10","79.59999999999999","0.5","1289","12","70.5","0.6","208","7","11.4","0.4","19","3","1","0.1","338","10","18.5","0.5","292","9","16","0.5","53","4","2.9","0.2","59","4","3.2","0.2","13","2","0.7","0.1","36","3","1.9","0.1","27","3","1.5","0.1","112","6","6.1","0.3"
"Iowa","65 years and over","563","2","562","2","99.8","0.1","345","6","61.3","1.1","115","5","20.4","0.8","251","7","44.6","1.2","23","3","4","0.5","548","3","97.40000000000001","0.3","58","4","10.4","0.6","28","2","5","0.4","548","3","97.40000000000001","0.3","331","6","58.8","1.1","58","4","10.4","0.6","45","3","8","0.5","1","Z","0.2","0.1"
"Kansas","All people","2876","2","2629","10","91.40000000000001","0.3","2120","16","73.7","0.6","1673","17","58.2","0.6","494","13","17.2","0.4","106","7","3.7","0.2","896","12","31.2","0.4","418","13","14.5","0.5","95","7","3.3","0.2","524","5","18.2","0.2","297","6","10.3","0.2","76","4","2.6","0.1","69","4","2.4","0.1","247","10","8.6","0.3"
"Kansas","Under 65 years","2388","3","2143","10","89.7","0.4","1824","15","76.40000000000001","0.6","1561","16","65.40000000000001","0.7","293","12","12.3","0.5","74","6","3.1","0.3","426","13","17.8","0.5","370","13","15.5","0.5","73","6","3.1","0.3","55","3","2.3","0.1","17","2","0.7","0.1","29","3","1.2","0.1","35","3","1.5","0.1","245","10","10.3","0.4"
"Kansas","Under 19 years","730","4","692","6","94.8","0.6","503","10","68.90000000000001","1.3","431","10","59","1.3","71","6","9.699999999999999","0.8","31","4","4.2","0.5","226","9","31","1.3","224","9","30.7","1.3","36","4","4.9","0.5","3","1","0.4","0.1","1","1","0.2","0.1","2","1","0.2","0.1","1","1","0.2","0.1","38","4","5.2","0.6"
"Kansas","19 - 64 years","1658","5","1451","10","87.5","0.5","1321","12","79.7","0.6","1130","13","68.2","0.7","222","9","13.4","0.5","44","4","2.6","0.2","200","8","12.1","0.5","146","8","8.800000000000001","0.5","37","4","2.2","0.2","52","4","3.1","0.2","16","2","1","0.1","27","3","1.6","0.2","34","3","2","0.2","207","8","12.5","0.5"
"Kansas","65 years and over","488","2","486","2","99.5","0.1","296","6","60.7","1.2","112","5","23","1","201","6","41.1","1.1","32","3","6.5","0.6","470","3","96.3","0.4","47","3","9.699999999999999","0.6","22","2","4.6","0.4","469","3","96.09999999999999","0.4","280","6","57.3","1.2","47","3","9.699999999999999","0.6","34","2","7.1","0.4","2","1","0.5","0.1"
"Kentucky","All people","4428","2","4181","13","94.40000000000001","0.3","2782","26","62.8","0.6","2342","25","52.9","0.6","506","12","11.4","0.3","118","7","2.7","0.2","2002","22","45.2","0.5","1248","22","28.2","0.5","171","8","3.9","0.2","895","7","20.2","0.2","455","9","10.3","0.2","182","6","4.1","0.1","118","5","2.7","0.1","247","13","5.6","0.3"
"Kentucky","Under 65 years","3660","4","3415","14","93.3","0.4","2341","24","64","0.7","2099","23","57.4","0.6","266","12","7.3","0.3","69","6","1.9","0.2","1256","21","34.3","0.6","1134","21","31","0.6","131","7","3.6","0.2","149","6","4.1","0.2","35","3","0.9","0.1","69","4","1.9","0.1","54","4","1.5","0.1","244","13","6.7","0.4"
"Kentucky","Under 19 years","1061","4","1015","7","95.7","0.6","571","11","53.8","1","507","10","47.8","1","57","5","5.4","0.5","23","3","2.2","0.3","501","11","47.2","1","498","11","47","1","56","5","5.2","0.5","6","1","0.5","0.1","1","Z","0.1","Z","3","1","0.3","0.1","1","Z","0.1","Z","46","6","4.3","0.6"
"Kentucky","19 - 64 years","2599","5","2400","11","92.40000000000001","0.4","1771","18","68.09999999999999","0.7","1592","18","61.3","0.7","209","9","8","0.4","46","4","1.8","0.1","755","14","29.1","0.5","636","15","24.5","0.6","75","4","2.9","0.2","144","6","5.5","0.2","34","3","1.3","0.1","65","4","2.5","0.2","53","4","2.1","0.2","199","10","7.6","0.4"
"Kentucky","65 years and over","769","3","766","3","99.7","0.1","440","8","57.3","1","243","6","31.6","0.8","240","7","31.2","0.9","49","3","6.4","0.4","746","4","97.09999999999999","0.3","113","5","14.8","0.6","41","3","5.3","0.4","746","4","97","0.3","420","8","54.7","1","113","5","14.8","0.6","64","3","8.300000000000001","0.4","3","1","0.3","0.1"
"Louisiana","All people","4494","2","4182","12","93.09999999999999","0.3","2610","31","58.1","0.7","2127","33","47.3","0.7","535","18","11.9","0.4","134","10","3","0.2","2146","29","47.7","0.6","1456","29","32.4","0.6","212","12","4.7","0.3","868","8","19.3","0.2","396","11","8.800000000000001","0.2","216","8","4.8","0.2","109","6","2.4","0.1","312","12","6.9","0.3"
"Louisiana","Under 65 years","3735","3","3427","12","91.7","0.3","2220","30","59.4","0.8","1904","33","51","0.9","337","14","9","0.4","90","8","2.4","0.2","1421","29","38","0.8","1326","29","35.5","0.8","169","12","4.5","0.3","144","7","3.9","0.2","35","3","0.9","0.1","86","6","2.3","0.2","52","5","1.4","0.1","308","12","8.300000000000001","0.3"
"Louisiana","Under 19 years","1120","4","1080","6","96.5","0.4","552","16","49.3","1.4","476","16","42.5","1.4","69","7","6.1","0.6","31","4","2.8","0.3","598","16","53.4","1.4","595","16","53.2","1.4","69","8","6.2","0.7","7","2","0.7","0.2","2","1","0.2","0.1","6","2","0.5","0.2","1","1","0.1","0.1","39","5","3.5","0.4"
"Louisiana","19 - 64 years","2616","6","2347","11","89.7","0.4","1667","20","63.7","0.7","1428","22","54.6","0.8","269","11","10.3","0.4","59","6","2.3","0.2","823","19","31.5","0.7","731","19","27.9","0.7","100","7","3.8","0.3","137","6","5.2","0.2","33","3","1.3","0.1","81","6","3.1","0.2","50","4","1.9","0.2","269","11","10.3","0.4"
"Louisiana","65 years and over","759","3","755","3","99.5","0.1","391","10","51.5","1.3","223","7","29.4","1","198","8","26.1","1.1","44","4","5.8","0.5","725","4","95.59999999999999","0.4","130","5","17.2","0.7","44","3","5.7","0.4","724","4","95.40000000000001","0.5","361","10","47.6","1.3","130","5","17.2","0.7","57","4","7.6","0.5","4","1","0.5","0.1"
"Maine","All people","1368","1","1278","7","93.40000000000001","0.5","939","13","68.7","1","738","13","53.9","0.9","209","7","15.3","0.5","50","5","3.7","0.4","554","12","40.5","0.9","274","12","20","0.9","54","5","4","0.4","329","4","24.1","0.3","171","5","12.5","0.3","65","4","4.8","0.3","48","3","3.5","0.2","90","7","6.6","0.5"
"Maine","Under 65 years","1065","2","976","7","91.59999999999999","0.6","769","12","72.2","1.1","653","12","61.3","1.1","116","6","10.9","0.6","29","5","2.7","0.4","261","12","24.5","1.1","231","11","21.7","1","37","4","3.5","0.4","37","3","3.5","0.3","11","2","1","0.2","22","3","2.1","0.3","20","2","1.9","0.2","89","7","8.4","0.6"
"Maine","Under 19 years","260","2","248","3","95.40000000000001","1","172","6","66.09999999999999","2.1","149","6","57.5","2.1","21","3","8.1","1.1","8","2","3","0.8","92","6","35.4","2.2","91","6","35","2.2","15","3","5.8","1.1","1","Z","0.3","0.2","Z","Z","0.2","0.1","Z","Z","0.1","0.1","1","Z","0.2","0.1","12","3","4.6","1"
"Maine","19 - 64 years","805","2","728","6","90.40000000000001","0.7","597","9","74.09999999999999","1.1","503","8","62.5","1.1","95","5","11.9","0.6","21","4","2.7","0.5","169","8","21","1","140","7","17.3","0.9","22","3","2.8","0.3","36","3","4.5","0.4","10","2","1.3","0.2","22","3","2.7","0.4","19","2","2.4","0.3","77","6","9.6","0.7"
"Maine","65 years and over","303","1","302","1","99.8","0.1","170","4","56.3","1.4","85","4","28.2","1.4","93","4","30.6","1.3","21","2","7","0.8","292","2","96.59999999999999","0.5","43","3","14.3","0.8","17","2","5.6","0.6","292","2","96.5","0.5","161","4","53.1","1.4","43","3","14.3","0.8","29","2","9.4","0.7","1","Z","0.2","0.1"
"Maryland","All people","6073","3","5705","18","93.90000000000001","0.3","4421","31","72.8","0.5","3746","34","61.7","0.6","805","20","13.3","0.3","213","11","3.5","0.2","2135","30","35.2","0.5","1209","30","19.9","0.5","203","11","3.3","0.2","1070","9","17.6","0.1","667","10","11","0.2","200","10","3.3","0.2","119","7","2","0.1","368","18","6.1","0.3"
"Maryland","Under 65 years","5056","4","4697","17","92.90000000000001","0.3","3728","28","73.7","0.6","3262","30","64.5","0.6","515","19","10.2","0.4","150","9","3","0.2","1188","29","23.5","0.6","1079","29","21.3","0.6","150","10","3","0.2","124","8","2.5","0.1","36","4","0.7","0.1","70","7","1.4","0.1","67","5","1.3","0.1","359","17","7.1","0.3"
"Maryland","Under 19 years","1428","5","1368","8","95.8","0.5","916","16","64.2","1.2","800","17","56","1.2","104","9","7.3","0.6","51","5","3.6","0.3","514","18","36","1.2","507","18","35.5","1.2","59","6","4.1","0.4","18","4","1.2","0.3","1","1","0.1","0.1","13","4","0.9","0.3","4","2","0.3","0.1","60","7","4.2","0.5"
"Maryland","19 - 64 years","3627","6","3329","13","91.8","0.4","2812","17","77.5","0.5","2462","19","67.90000000000001","0.5","411","13","11.3","0.4","98","6","2.7","0.2","675","17","18.6","0.5","572","17","15.8","0.5","91","6","2.5","0.2","107","6","2.9","0.2","34","4","0.9","0.1","57","5","1.6","0.1","63","4","1.7","0.1","299","13","8.199999999999999","0.4"
"Maryland","65 years and over","1018","3","1008","3","99","0.2","692","10","68.09999999999999","1","484","10","47.5","1","290","7","28.5","0.7","64","5","6.3","0.5","947","5","93.09999999999999","0.5","130","6","12.7","0.6","53","4","5.2","0.4","946","5","93","0.5","631","10","62","1","130","6","12.7","0.6","52","4","5.1","0.4","10","2","1","0.2"
"Massachusetts","All people","6919","1","6751","11","97.59999999999999","0.2","5079","30","73.40000000000001","0.4","4318","33","62.4","0.5","985","22","14.2","0.3","78","6","1.1","0.1","2616","28","37.8","0.4","1599","28","23.1","0.4","297","13","4.3","0.2","1299","10","18.8","0.1","720","10","10.4","0.1","310","10","4.5","0.1","95","4","1.4","0.1","168","11","2.4","0.2"
"Massachusetts","Under 65 years","5691","2","5531","11","97.2","0.2","4326","28","76","0.5","3849","29","67.59999999999999","0.5","605","21","10.6","0.4","44","5","0.8","0.1","1467","27","25.8","0.5","1381","26","24.3","0.5","219","12","3.9","0.2","150","8","2.6","0.1","38","3","0.7","0.1","92","6","1.6","0.1","34","3","0.6","0.1","161","11","2.8","0.2"
"Massachusetts","Under 19 years","1436","5","1414","7","98.5","0.3","1005","14","70","0.9","911","15","63.4","1","114","8","7.9","0.5","14","2","1","0.2","502","13","34.9","0.9","497","12","34.6","0.9","91","8","6.4","0.6","10","3","0.7","0.2","1","1","0.1","Z","5","2","0.4","0.1","1","Z","Z","Z","22","4","1.5","0.3"
"Massachusetts","19 - 64 years","4255","6","4117","10","96.7","0.2","3321","19","78","0.4","2938","20","69.09999999999999","0.5","491","16","11.5","0.4","30","4","0.7","0.1","965","18","22.7","0.4","885","18","20.8","0.4","128","7","3","0.2","140","7","3.3","0.2","36","3","0.9","0.1","87","5","2","0.1","34","3","0.8","0.1","139","9","3.3","0.2"
"Massachusetts","65 years and over","1228","2","1221","2","99.40000000000001","0.1","753","10","61.4","0.8","469","11","38.2","0.9","380","9","31","0.7","34","3","2.8","0.2","1150","5","93.59999999999999","0.4","218","8","17.8","0.7","78","5","6.3","0.4","1149","5","93.59999999999999","0.4","682","10","55.5","0.8","218","8","17.8","0.7","60","3","4.9","0.3","7","2","0.6","0.1"
"Michigan","All people","9930","1","9478","15","95.5","0.2","6986","38","70.40000000000001","0.4","5939","38","59.8","0.4","1309","24","13.2","0.2","128","7","1.3","0.1","4067","31","41","0.3","2352","33","23.7","0.3","444","15","4.5","0.1","2040","11","20.5","0.1","1227","12","12.4","0.1","382","10","3.8","0.1","184","6","1.9","0.1","451","15","4.5","0.2"
"Michigan","Under 65 years","8092","3","7646","15","94.5","0.2","5780","35","71.40000000000001","0.4","5159","35","63.8","0.4","739","21","9.1","0.3","73","6","0.9","0.1","2292","31","28.3","0.4","2112","32","26.1","0.4","336","15","4.2","0.2","266","9","3.3","0.1","78","5","1","0.1","142","6","1.8","0.1","75","4","0.9","0.1","445","15","5.5","0.2"
"Michigan","Under 19 years","2234","6","2173","7","97.3","0.2","1441","20","64.5","0.8","1316","20","58.9","0.8","141","9","6.3","0.4","23","3","1","0.1","895","17","40.1","0.8","889","17","39.8","0.8","160","10","7.2","0.4","10","3","0.5","0.1","3","1","0.1","0.1","6","2","0.3","0.1","3","1","0.1","0.1","60","5","2.7","0.2"
"Michigan","19 - 64 years","5858","6","5473","13","93.40000000000001","0.2","4339","22","74.09999999999999","0.4","3842","23","65.59999999999999","0.4","598","15","10.2","0.3","50","4","0.9","0.1","1396","20","23.8","0.3","1222","20","20.9","0.3","175","8","3","0.1","256","8","4.4","0.1","75","5","1.3","0.1","136","6","2.3","0.1","72","4","1.2","0.1","385","12","6.6","0.2"
"Michigan","65 years and over","1838","3","1832","3","99.7","0.1","1206","11","65.59999999999999","0.6","780","12","42.4","0.7","570","10","31","0.5","54","4","3","0.2","1775","5","96.59999999999999","0.2","240","7","13.1","0.4","108","5","5.9","0.2","1774","5","96.5","0.2","1149","11","62.5","0.6","240","7","13.1","0.4","110","4","6","0.2","6","1","0.3","0.1"
"Minnesota","All people","5658","1","5403","9","95.5","0.2","4228","27","74.7","0.5","3451","27","61","0.5","917","14","16.2","0.3","87","6","1.5","0.1","1999","25","35.3","0.4","1065","25","18.8","0.4","194","9","3.4","0.2","1019","6","18","0.1","644","7","11.4","0.1","124","6","2.2","0.1","131","4","2.3","0.1","254","9","4.5","0.2"
"Minnesota","Under 65 years","4696","2","4445","9","94.7","0.2","3580","25","76.2","0.5","3216","27","68.5","0.6","444","13","9.5","0.3","51","5","1.1","0.1","1074","24","22.9","0.5","985","24","21","0.5","159","9","3.4","0.2","94","5","2","0.1","30","2","0.6","Z","44","4","0.9","0.1","47","3","1","0.1","251","9","5.3","0.2"
"Minnesota","Under 19 years","1361","4","1316","5","96.7","0.3","957","13","70.3","1","875","13","64.3","1","90","6","6.6","0.4","18","3","1.3","0.2","447","13","32.8","1","444","13","32.6","1","87","7","6.4","0.5","5","2","0.4","0.1","1","Z","0.1","Z","3","1","0.2","0.1","1","Z","0.1","Z","45","4","3.3","0.3"
"Minnesota","19 - 64 years","3335","4","3129","9","93.8","0.2","2623","16","78.7","0.5","2341","18","70.2","0.5","354","9","10.6","0.3","34","3","1","0.1","627","14","18.8","0.4","542","13","16.2","0.4","72","4","2.2","0.1","89","5","2.7","0.1","29","2","0.9","0.1","41","4","1.2","0.1","46","3","1.4","0.1","205","7","6.2","0.2"
"Minnesota","65 years and over","962","2","958","2","99.59999999999999","0.1","648","6","67.3","0.6","235","6","24.4","0.6","474","7","49.2","0.7","36","2","3.7","0.2","925","4","96.2","0.3","80","4","8.300000000000001","0.4","35","3","3.6","0.3","924","4","96.09999999999999","0.3","614","6","63.9","0.7","80","4","8.300000000000001","0.4","84","3","8.800000000000001","0.3","4","1","0.4","0.1"
"Mississippi","All people","2872","2","2561","12","89.2","0.4","1767","18","61.5","0.6","1358","22","47.3","0.8","439","14","15.3","0.5","116","8","4","0.3","1152","16","40.1","0.6","691","17","24.1","0.6","113","7","3.9","0.2","588","6","20.5","0.2","268","7","9.300000000000001","0.2","157","7","5.5","0.3","77","5","2.7","0.2","312","12","10.8","0.4"
"Mississippi","Under 65 years","2375","3","2065","12","86.90000000000001","0.5","1513","17","63.7","0.7","1248","20","52.5","0.9","291","12","12.2","0.5","71","7","3","0.3","667","16","28.1","0.7","592","15","24.9","0.6","80","6","3.4","0.3","103","5","4.3","0.2","25","3","1","0.1","58","5","2.4","0.2","37","4","1.6","0.2","310","12","13.1","0.5"
"Mississippi","Under 19 years","721","5","682","6","94.5","0.6","360","10","50","1.4","293","11","40.6","1.4","64","6","8.9","0.8","22","4","3","0.5","359","11","49.8","1.4","355","11","49.2","1.4","36","4","5","0.6","5","2","0.7","0.2","2","1","0.3","0.2","3","1","0.4","0.1","3","1","0.4","0.2","39","5","5.5","0.6"
"Mississippi","19 - 64 years","1654","6","1383","12","83.59999999999999","0.6","1152","13","69.7","0.7","955","15","57.8","0.9","226","9","13.7","0.6","49","5","3","0.3","307","10","18.6","0.6","237","9","14.3","0.5","44","4","2.7","0.2","98","5","5.9","0.3","23","3","1.4","0.2","55","5","3.3","0.3","34","4","2.1","0.2","271","10","16.4","0.6"
"Mississippi","65 years and over","497","3","495","3","99.7","0.1","254","6","51.1","1.2","110","5","22.2","1.1","148","6","29.8","1.1","46","3","9.199999999999999","0.7","485","3","97.7","0.3","100","5","20.1","0.9","33","3","6.5","0.6","485","3","97.59999999999999","0.3","244","6","49.1","1.2","100","5","20.1","0.9","40","3","8","0.6","1","1","0.3","0.1"
"Missouri","All people","6071","2","5551","16","91.40000000000001","0.3","4175","28","68.8","0.5","3427","29","56.4","0.5","824","19","13.6","0.3","161","9","2.7","0.1","2085","22","34.3","0.4","1000","23","16.5","0.4","159","9","2.6","0.1","1206","8","19.9","0.1","561","9","9.199999999999999","0.2","179","7","2.9","0.1","157","6","2.6","0.1","521","16","8.6","0.3"
"Missouri","Under 65 years","4994","3","4479","16","89.7","0.3","3625","27","72.59999999999999","0.5","3156","28","63.2","0.5","513","17","10.3","0.3","103","8","2.1","0.2","1044","23","20.9","0.5","892","22","17.9","0.4","120","8","2.4","0.2","167","7","3.3","0.1","41","4","0.8","0.1","71","5","1.4","0.1","69","5","1.4","0.1","515","16","10.3","0.3"
"Missouri","Under 19 years","1442","6","1358","8","94.2","0.4","911","13","63.2","0.9","792","14","54.9","0.9","112","8","7.7","0.5","39","4","2.7","0.3","510","13","35.4","0.9","503","13","34.9","0.9","61","5","4.2","0.4","9","2","0.6","0.1","1","Z","0.1","Z","4","1","0.3","0.1","2","1","0.2","0.1","83","6","5.8","0.4"
"Missouri","19 - 64 years","3553","6","3121","15","87.8","0.4","2713","19","76.40000000000001","0.5","2364","20","66.59999999999999","0.5","401","13","11.3","0.4","65","5","1.8","0.1","534","14","15","0.4","388","13","10.9","0.4","59","4","1.7","0.1","158","7","4.4","0.2","40","4","1.1","0.1","67","5","1.9","0.1","67","5","1.9","0.1","432","14","12.2","0.4"
"Missouri","65 years and over","1077","3","1071","3","99.5","0.1","550","9","51.1","0.8","270","9","25.1","0.8","311","7","28.9","0.7","58","3","5.3","0.3","1041","4","96.7","0.3","108","5","10","0.5","39","3","3.6","0.3","1039","4","96.5","0.3","519","9","48.2","0.8","108","5","10","0.5","88","4","8.1","0.4","6","1","0.5","0.1"
"Montana","All people","1105","1","1014","6","91.7","0.6","721","11","65.2","1","532","12","48.1","1.1","191","7","17.3","0.7","46","5","4.1","0.4","449","9","40.6","0.8","235","9","21.3","0.8","35","4","3.2","0.4","236","3","21.3","0.2","124","4","11.2","0.4","37","3","3.3","0.3","42","3","3.8","0.3","91","6","8.300000000000001","0.6"
"Montana","Under 65 years","884","2","794","6","89.8","0.7","598","11","67.59999999999999","1.3","484","11","54.8","1.3","113","7","12.7","0.8","26","3","2.9","0.4","234","9","26.4","1","210","9","23.7","1","24","3","2.8","0.4","21","2","2.4","0.3","6","1","0.7","0.1","11","2","1.3","0.2","18","2","2","0.3","91","6","10.2","0.7"
"Montana","Under 19 years","249","2","232","4","93.09999999999999","1.3","146","6","58.5","2.2","119","5","47.8","2.1","23","3","9.4","1.2","9","2","3.6","0.9","96","5","38.4","2.1","95","5","38.2","2.1","9","2","3.7","0.8","1","Z","0.5","0.2","Z","Z","0.2","0.1","1","Z","0.4","0.2","1","Z","0.3","0.1","17","3","6.9","1.3"
"Montana","19 - 64 years","635","3","562","6","88.40000000000001","0.9","452","8","71.2","1.3","365","8","57.5","1.2","89","6","14.1","0.9","17","2","2.7","0.4","138","6","21.8","0.9","115","5","18.1","0.8","15","2","2.4","0.4","20","2","3.2","0.4","6","1","0.9","0.2","10","2","1.6","0.3","17","2","2.7","0.4","73","5","11.6","0.9"
"Montana","65 years and over","221","2","220","2","99.7","0.2","123","4","55.7","1.8","47","3","21.4","1.5","78","3","35.3","1.5","20","3","8.9","1.3","215","2","97.3","0.5","26","2","11.6","1","11","2","5","0.7","215","2","97.2","0.5","118","4","53.3","1.8","26","2","11.6","1","25","2","11.1","1","1","Z","0.3","0.2"
"Nebraska","All people","1940","2","1810","8","93.3","0.4","1428","14","73.59999999999999","0.7","1122","16","57.8","0.8","333","11","17.2","0.6","63","5","3.2","0.3","626","13","32.3","0.7","316","12","16.3","0.6","65","4","3.4","0.2","345","4","17.8","0.2","184","4","9.5","0.2","53","4","2.7","0.2","52","3","2.7","0.2","130","8","6.7","0.4"
"Nebraska","Under 65 years","1615","2","1489","8","92.2","0.5","1243","13","76.90000000000001","0.8","1058","16","65.5","1","206","9","12.7","0.6","44","5","2.7","0.3","316","12","19.6","0.8","282","12","17.5","0.7","50","4","3.1","0.3","35","3","2.2","0.2","10","1","0.6","0.1","20","2","1.2","0.2","21","2","1.3","0.1","126","8","7.8","0.5"
"Nebraska","Under 19 years","505","3","482","4","95.40000000000001","0.7","352","8","69.8","1.5","299","10","59.2","1.9","52","4","10.2","0.8","16","2","3.2","0.5","155","8","30.7","1.6","154","8","30.6","1.6","25","3","5","0.6","1","Z","0.2","0.1","Z","Z","Z","Z","1","Z","0.1","0.1","Z","Z","Z","Z","23","4","4.6","0.7"
"Nebraska","19 - 64 years","1110","4","1007","7","90.7","0.5","891","9","80.2","0.8","759","10","68.40000000000001","0.9","154","7","13.9","0.6","28","3","2.5","0.3","162","7","14.6","0.6","128","7","11.5","0.6","25","2","2.2","0.2","34","3","3.1","0.3","9","1","0.8","0.1","19","2","1.7","0.2","21","2","1.9","0.2","103","6","9.300000000000001","0.5"
"Nebraska","65 years and over","324","2","321","2","98.90000000000001","0.3","185","4","57.1","1.3","63","3","19.5","0.9","128","4","39.4","1.3","19","2","5.8","0.6","310","3","95.5","0.6","33","3","10.3","0.8","15","2","4.6","0.5","310","3","95.5","0.6","174","4","53.7","1.3","33","3","10.3","0.8","31","2","9.5","0.7","3","1","1.1","0.3"
"Nevada","All people","3139","3","2791","14","88.90000000000001","0.4","1990","25","63.4","0.8","1640","29","52.2","0.9","364","14","11.6","0.4","129","10","4.1","0.3","1158","21","36.9","0.7","650","22","20.7","0.7","108","8","3.4","0.3","562","6","17.9","0.2","246","8","7.8","0.3","98","6","3.1","0.2","103","6","3.3","0.2","349","13","11.1","0.4"
"Nevada","Under 65 years","2605","3","2263","14","86.8","0.5","1738","24","66.7","0.9","1505","27","57.8","1","243","13","9.300000000000001","0.5","81","9","3.1","0.3","649","21","24.9","0.8","578","21","22.2","0.8","83","8","3.2","0.3","55","5","2.1","0.2","15","2","0.6","0.1","26","4","1","0.1","51","4","1.9","0.2","343","13","13.2","0.5"
"Nevada","Under 19 years","725","3","670","6","92.40000000000001","0.8","434","13","59.8","1.8","372","14","51.3","2","54","6","7.4","0.8","27","5","3.7","0.7","276","12","38","1.6","274","12","37.7","1.7","39","5","5.4","0.7","2","1","0.3","0.1","Z","Z","0.1","Z","1","Z","0.1","Z","1","1","0.2","0.1","55","6","7.6","0.8"
"Nevada","19 - 64 years","1880","4","1592","12","84.7","0.6","1304","15","69.40000000000001","0.8","1133","17","60.3","0.9","189","10","10","0.5","54","5","2.9","0.3","374","13","19.9","0.7","304","13","16.2","0.7","45","4","2.4","0.2","53","5","2.8","0.3","14","2","0.8","0.1","26","4","1.4","0.2","49","4","2.6","0.2","288","11","15.3","0.6"
"Nevada","65 years and over","534","2","528","2","98.90000000000001","0.3","252","7","47.2","1.4","135","6","25.3","1.2","121","5","22.6","1","47","4","8.9","0.8","508","3","95.2","0.6","72","4","13.5","0.8","25","3","4.6","0.5","507","4","94.90000000000001","0.6","231","8","43.3","1.5","72","4","13.5","0.8","52","4","9.800000000000001","0.7","6","2","1.1","0.3"
"New Hampshire","All people","1379","1","1312","5","95.09999999999999","0.4","1042","12","75.59999999999999","0.8","855","14","62","1","211","9","15.3","0.7","32","4","2.3","0.3","463","11","33.5","0.8","184","9","13.4","0.7","27","3","2","0.2","296","4","21.5","0.3","165","5","12","0.4","33","3","2.4","0.2","39","4","2.8","0.3","68","5","4.9","0.4"
"New Hampshire","Under 65 years","1106","2","1039","6","94","0.5","874","10","79","0.9","767","12","69.3","1.1","117","8","10.6","0.7","16","3","1.4","0.3","201","10","18.1","0.9","165","9","14.9","0.8","18","3","1.7","0.3","35","3","3.1","0.3","7","1","0.6","0.1","14","2","1.3","0.2","16","3","1.5","0.2","67","5","6","0.5"
"New Hampshire","Under 19 years","269","2","260","3","96.59999999999999","0.7","195","6","72.7","2.1","176","6","65.3","2.2","19","3","6.9","1","6","2","2.1","0.6","73","6","27","2.2","72","6","26.6","2.2","8","2","2.9","0.6","1","1","0.6","0.3","1","Z","0.2","0.2","1","Z","0.2","0.2","Z","Z","Z","0.1","9","2","3.4","0.7"
"New Hampshire","19 - 64 years","837","3","780","5","93.09999999999999","0.6","679","8","81.09999999999999","0.9","591","9","70.59999999999999","1.1","99","7","11.8","0.8","10","2","1.2","0.2","128","7","15.3","0.8","94","5","11.2","0.6","11","2","1.3","0.2","33","3","4","0.4","6","1","0.8","0.2","14","2","1.6","0.2","16","3","1.9","0.3","58","5","6.9","0.6"
"New Hampshire","65 years and over","273","2","272","2","99.7","0.1","168","5","61.6","1.7","89","4","32.5","1.6","93","4","34.1","1.5","17","2","6.1","0.9","262","2","96","0.5","19","2","6.9","0.8","9","2","3.2","0.6","262","2","95.8","0.6","158","5","57.9","1.8","19","2","6.9","0.8","22","2","8.199999999999999","0.8","1","Z","0.3","0.1"
"New Jersey","All people","9168","3","8541","21","93.2","0.2","6530","38","71.2","0.4","5609","37","61.2","0.4","1157","32","12.6","0.4","89","8","1","0.1","3080","35","33.6","0.4","1689","36","18.4","0.4","259","15","2.8","0.2","1641","11","17.9","0.1","870","13","9.5","0.1","285","11","3.1","0.1","99","5","1.1","0.1","627","20","6.8","0.2"
"New Jersey","Under 65 years","7592","4","6982","21","92","0.3","5630","34","74.2","0.4","5021","34","66.09999999999999","0.4","736","29","9.699999999999999","0.4","53","7","0.7","0.1","1601","33","21.1","0.4","1479","34","19.5","0.4","189","13","2.5","0.2","163","8","2.2","0.1","50","4","0.7","0.1","75","6","1","0.1","42","4","0.6","0.1","609","20","8","0.3"
"New Jersey","Under 19 years","2108","6","2025","9","96.09999999999999","0.3","1399","18","66.40000000000001","0.8","1261","16","59.8","0.8","159","13","7.5","0.6","18","4","0.9","0.2","711","18","33.7","0.9","705","18","33.4","0.9","82","9","3.9","0.4","8","2","0.4","0.1","1","1","0.1","Z","4","1","0.2","0.1","3","1","0.1","0.1","82","7","3.9","0.3"
"New Jersey","19 - 64 years","5484","7","4957","20","90.40000000000001","0.3","4231","23","77.2","0.4","3761","25","68.59999999999999","0.4","577","20","10.5","0.4","35","5","0.6","0.1","890","21","16.2","0.4","775","20","14.1","0.4","107","7","1.9","0.1","155","8","2.8","0.1","49","4","0.9","0.1","72","6","1.3","0.1","39","4","0.7","0.1","527","17","9.6","0.3"
"New Jersey","65 years and over","1577","2","1559","3","98.90000000000001","0.2","900","12","57.1","0.8","588","12","37.3","0.7","421","10","26.7","0.6","36","3","2.3","0.2","1479","6","93.8","0.3","210","8","13.3","0.5","70","4","4.5","0.3","1478","6","93.8","0.3","820","12","52","0.8","210","8","13.3","0.5","57","3","3.6","0.2","18","2","1.1","0.2"
"New Mexico","All people","2074","3","1904","10","91.8","0.5","1129","21","54.4","1","909","21","43.8","1","218","10","10.5","0.5","92","8","4.4","0.4","1062","18","51.2","0.9","697","18","33.6","0.9","95","7","4.6","0.3","443","5","21.3","0.3","204","6","9.800000000000001","0.3","101","6","4.9","0.3","72","5","3.5","0.2","170","10","8.199999999999999","0.5"
"New Mexico","Under 65 years","1674","4","1507","10","90","0.6","928","20","55.4","1.2","794","20","47.4","1.2","123","8","7.4","0.5","56","7","3.4","0.4","675","18","40.3","1.1","628","18","37.5","1","73","7","4.3","0.4","56","5","3.4","0.3","12","2","0.7","0.1","32","3","1.9","0.2","33","4","2","0.2","167","9","10","0.6"
"New Mexico","Under 19 years","483","4","465","5","96.2","0.7","215","10","44.5","2","186","10","38.6","2","21","4","4.3","0.7","16","4","3.4","0.7","277","9","57.2","1.9","274","9","56.7","1.9","27","4","5.5","0.8","4","1","0.8","0.3","Z","Z","Z","Z","2","1","0.3","0.1","Z","Z","0.1","0.1","18","3","3.8","0.7"
"New Mexico","19 - 64 years","1191","5","1043","9","87.5","0.7","713","14","59.8","1.1","608","15","51","1.2","103","6","8.6","0.5","40","5","3.3","0.4","398","12","33.5","1","354","12","29.7","1","46","5","3.9","0.4","53","5","4.4","0.4","12","2","1","0.2","30","3","2.5","0.3","33","4","2.7","0.3","149","8","12.5","0.7"
"New Mexico","65 years and over","400","3","397","3","99.09999999999999","0.3","201","6","50.2","1.4","115","5","28.7","1.2","95","4","23.7","1.1","36","3","8.9","0.7","387","3","96.7","0.5","70","5","17.4","1.2","23","3","5.6","0.6","386","3","96.5","0.5","191","6","47.8","1.4","70","5","17.4","1.2","39","3","9.9","0.8","4","1","0.9","0.3"
"New York","All people","19480","3","18530","21","95.09999999999999","0.1","12740","60","65.40000000000001","0.3","10720","66","55.1","0.3","2581","39","13.3","0.2","174","8","0.9","Z","8356","54","42.9","0.3","5541","56","28.5","0.3","899","24","4.6","0.1","3718","16","19.1","0.1","1893","20","9.699999999999999","0.1","986","18","5.1","0.1","250","8","1.3","Z","945","20","4.9","0.1"
"New York","Under 65 years","16000","4","15090","21","94.3","0.1","10830","56","67.7","0.4","9387","62","58.7","0.4","1772","34","11.1","0.2","104","7","0.6","Z","5059","54","31.6","0.3","4807","51","30","0.3","670","22","4.2","0.1","422","12","2.6","0.1","125","6","0.8","Z","251","10","1.6","0.1","107","6","0.7","Z","914","21","5.7","0.1"
"New York","Under 19 years","4234","6","4123","11","97.40000000000001","0.2","2523","28","59.6","0.7","2138","31","50.5","0.7","438","20","10.3","0.5","36","4","0.8","0.1","1895","30","44.8","0.7","1886","30","44.5","0.7","292","14","6.9","0.3","24","3","0.6","0.1","6","2","0.1","Z","16","3","0.4","0.1","4","1","0.1","Z","111","8","2.6","0.2"
"New York","19 - 64 years","11770","7","10960","20","93.2","0.2","8306","39","70.59999999999999","0.3","7249","42","61.6","0.4","1334","24","11.3","0.2","68","5","0.6","Z","3163","34","26.9","0.3","2921","32","24.8","0.3","379","14","3.2","0.1","399","12","3.4","0.1","119","6","1","0.1","235","9","2","0.1","104","6","0.9","0.1","804","20","6.8","0.2"
"New York","65 years and over","3473","3","3443","5","99.09999999999999","0.1","1914","18","55.1","0.5","1336","17","38.5","0.5","808","12","23.3","0.4","70","5","2","0.1","3297","8","94.90000000000001","0.2","735","14","21.2","0.4","229","8","6.6","0.2","3295","8","94.90000000000001","0.2","1767","18","50.9","0.5","735","14","21.2","0.4","143","5","4.1","0.1","30","4","0.9","0.1"
"North Carolina","All people","10480","5","9508","24","90.7","0.2","7105","39","67.8","0.4","5516","44","52.6","0.4","1635","26","15.6","0.2","480","15","4.6","0.1","3764","34","35.9","0.3","1942","34","18.5","0.3","333","13","3.2","0.1","2025","11","19.3","0.1","1045","14","10","0.1","343","10","3.3","0.1","310","11","3","0.1","973","24","9.300000000000001","0.2"
"North Carolina","Under 65 years","8656","7","7695","24","88.90000000000001","0.3","6090","36","70.40000000000001","0.4","5004","41","57.8","0.5","1075","25","12.4","0.3","333","13","3.8","0.2","2000","34","23.1","0.4","1728","33","20","0.4","247","12","2.9","0.1","263","9","3","0.1","80","5","0.9","0.1","129","7","1.5","0.1","167","9","1.9","0.1","961","24","11.1","0.3"
"North Carolina","Under 19 years","2439","7","2321","11","95.2","0.3","1419","20","58.2","0.8","1164","22","47.7","0.9","192","11","7.9","0.5","126","7","5.2","0.3","1010","21","41.4","0.8","997","20","40.9","0.8","103","8","4.2","0.3","13","3","0.5","0.1","3","1","0.1","Z","5","2","0.2","0.1","7","2","0.3","0.1","118","8","4.8","0.3"
"North Carolina","19 - 64 years","6217","8","5374","21","86.40000000000001","0.3","4672","26","75.09999999999999","0.4","3840","28","61.8","0.4","883","20","14.2","0.3","207","9","3.3","0.1","990","20","15.9","0.3","731","19","11.8","0.3","144","7","2.3","0.1","251","9","4","0.1","77","6","1.2","0.1","124","6","2","0.1","161","8","2.6","0.1","843","20","13.6","0.3"
"North Carolina","65 years and over","1825","4","1812","5","99.3","0.1","1014","12","55.6","0.6","512","12","28.1","0.6","561","10","30.7","0.6","148","6","8.1","0.3","1764","6","96.7","0.3","213","7","11.7","0.4","86","5","4.7","0.3","1762","6","96.59999999999999","0.3","965","12","52.9","0.7","213","7","11.7","0.4","143","6","7.8","0.3","12","2","0.7","0.1"
"North Dakota","All people","763","1","714","5","93.59999999999999","0.7","597","8","78.40000000000001","1.1","464","10","60.9","1.3","147","7","19.2","1","31","4","4","0.6","225","9","29.5","1.2","102","9","13.4","1.1","23","4","3","0.5","129","3","16.9","0.3","84","3","11","0.4","15","2","2","0.2","21","2","2.8","0.3","49","5","6.4","0.7"
"North Dakota","Under 65 years","639","2","591","5","92.5","0.8","512","8","80.2","1.2","434","10","68","1.5","85","6","13.3","1","22","4","3.5","0.6","107","9","16.7","1.4","93","9","14.5","1.3","18","4","2.9","0.6","11","1","1.7","0.2","3","1","0.5","0.1","5","1","0.9","0.2","10","2","1.5","0.3","48","5","7.5","0.8"
"North Dakota","Under 19 years","190","2","180","3","94.5","1.1","145","4","76.3","2.3","123","5","64.5","2.6","19","3","9.800000000000001","1.6","8","2","4.2","1.3","46","5","23.9","2.9","45","6","23.8","2.9","11","3","5.6","1.5","Z","Z","0.2","0.1","Z","Z","Z","Z","Z","Z","0.1","0.1","Z","Z","0.1","0.1","10","2","5.5","1.1"
"North Dakota","19 - 64 years","448","2","411","4","91.7","0.9","367","6","81.8","1.2","311","7","69.5","1.5","67","5","14.8","1","14","3","3.2","0.6","61","5","13.7","1.1","47","4","10.6","0.9","8","2","1.7","0.4","11","1","2.3","0.3","3","1","0.7","0.2","5","1","1.2","0.3","9","2","2.1","0.4","37","4","8.300000000000001","0.9"
"North Dakota","65 years and over","124","1","123","1","99.3","0.4","85","3","68.90000000000001","1.9","30","2","24.5","2","61","3","49.5","2.4","8","2","6.8","1.2","118","2","95.3","1.3","9","1","7.7","1","4","1","3.5","0.8","118","2","95.09999999999999","1.4","80","3","64.90000000000001","2","9","1","7.7","1","12","1","9.4","1.1","1","Z","0.7","0.4"
"Ohio","All people","11590","2","10910","19","94.09999999999999","0.2","7897","44","68.09999999999999","0.4","6731","44","58.1","0.4","1410","22","12.2","0.2","204","11","1.8","0.1","4493","38","38.8","0.3","2466","37","21.3","0.3","375","16","3.2","0.1","2292","11","19.8","0.1","1145","11","9.9","0.1","360","9","3.1","0.1","265","9","2.3","0.1","683","19","5.9","0.2"
"Ohio","Under 65 years","9494","5","8823","19","92.90000000000001","0.2","6751","39","71.09999999999999","0.4","6101","41","64.3","0.4","770","20","8.1","0.2","126","10","1.3","0.1","2480","37","26.1","0.4","2243","36","23.6","0.4","295","15","3.1","0.2","281","9","3","0.1","69","4","0.7","Z","137","6","1.4","0.1","116","7","1.2","0.1","671","19","7.1","0.2"
"Ohio","Under 19 years","2709","7","2588","11","95.5","0.3","1735","19","64","0.7","1588","19","58.6","0.7","155","9","5.7","0.3","41","5","1.5","0.2","1011","21","37.3","0.7","1004","21","37","0.7","155","10","5.7","0.4","14","3","0.5","0.1","4","1","0.1","Z","9","2","0.3","0.1","5","1","0.2","0.1","122","9","4.5","0.3"
"Ohio","19 - 64 years","6785","8","6236","16","91.90000000000001","0.2","5016","27","73.90000000000001","0.4","4513","28","66.5","0.4","615","14","9.1","0.2","85","7","1.3","0.1","1469","23","21.7","0.3","1240","22","18.3","0.3","140","8","2.1","0.1","268","9","3.9","0.1","66","4","1","0.1","128","6","1.9","0.1","111","7","1.6","0.1","549","15","8.1","0.2"
"Ohio","65 years and over","2094","4","2082","4","99.40000000000001","0.1","1146","11","54.7","0.5","630","11","30.1","0.5","640","10","30.6","0.5","77","5","3.7","0.2","2013","6","96.2","0.2","223","7","10.6","0.3","80","5","3.8","0.2","2010","6","96","0.2","1076","11","51.4","0.5","223","7","10.6","0.3","149","6","7.1","0.3","12","2","0.6","0.1"
"Oklahoma","All people","3930","2","3469","10","88.3","0.3","2426","19","61.7","0.5","1916","21","48.7","0.5","521","13","13.3","0.3","160","8","4.1","0.2","1556","18","39.6","0.5","879","17","22.4","0.4","130","8","3.3","0.2","732","6","18.6","0.2","374","6","9.5","0.2","110","5","2.8","0.1","133","5","3.4","0.1","461","10","11.7","0.3"
"Oklahoma","Under 65 years","3288","3","2833","10","86.2","0.3","2064","18","62.8","0.6","1735","21","52.8","0.6","322","11","9.800000000000001","0.3","109","7","3.3","0.2","937","18","28.5","0.5","816","17","24.8","0.5","108","8","3.3","0.2","115","5","3.5","0.2","31","3","0.9","0.1","47","3","1.4","0.1","67","4","2.1","0.1","455","10","13.8","0.3"
"Oklahoma","Under 19 years","1010","3","937","5","92.7","0.4","515","10","51","0.9","430","10","42.6","1","68","5","6.8","0.5","37","3","3.6","0.3","484","10","47.9","1","475","10","47.1","1","59","5","5.8","0.5","10","2","1","0.2","2","1","0.2","0.1","5","1","0.4","0.1","4","1","0.4","0.1","73","4","7.3","0.4"
"Oklahoma","19 - 64 years","2278","4","1896","10","83.2","0.4","1549","13","68","0.6","1305","14","57.3","0.6","254","9","11.1","0.4","72","5","3.2","0.2","454","11","19.9","0.5","340","9","14.9","0.4","49","4","2.2","0.2","105","5","4.6","0.2","29","3","1.3","0.1","43","3","1.9","0.1","63","4","2.8","0.2","382","9","16.8","0.4"
"Oklahoma","65 years and over","642","2","637","2","99.09999999999999","0.1","362","5","56.3","0.8","181","4","28.1","0.7","199","5","31","0.8","51","3","8","0.5","618","3","96.3","0.3","63","3","9.800000000000001","0.5","23","2","3.5","0.3","617","3","96.09999999999999","0.3","343","6","53.4","0.9","63","3","9.800000000000001","0.5","66","3","10.2","0.5","6","1","0.9","0.1"
"Oregon","All people","4199","1","3947","13","94","0.3","2818","27","67.09999999999999","0.6","2284","27","54.4","0.6","606","15","14.4","0.4","89","7","2.1","0.2","1728","23","41.2","0.5","984","23","23.4","0.6","188","9","4.5","0.2","861","6","20.5","0.1","433","9","10.3","0.2","155","7","3.7","0.2","119","6","2.8","0.1","252","13","6","0.3"
"Oregon","Under 65 years","3396","3","3148","13","92.7","0.4","2382","25","70.09999999999999","0.7","2079","27","61.2","0.8","340","13","10","0.4","46","6","1.3","0.2","954","23","28.1","0.7","879","22","25.9","0.7","148","9","4.4","0.3","88","5","2.6","0.1","23","3","0.7","0.1","50","4","1.5","0.1","51","5","1.5","0.1","248","13","7.3","0.4"
"Oregon","Under 19 years","888","4","861","5","97","0.4","566","14","63.7","1.6","508","14","57.1","1.5","64","6","7.2","0.7","10","2","1.1","0.3","360","13","40.6","1.5","358","13","40.3","1.5","64","6","7.2","0.6","3","1","0.4","0.2","Z","Z","0.1","Z","3","1","0.3","0.1","2","1","0.2","0.1","27","4","3","0.4"
"Oregon","19 - 64 years","2508","5","2286","12","91.2","0.5","1816","16","72.40000000000001","0.6","1571","17","62.7","0.7","277","9","11","0.4","36","4","1.4","0.2","594","15","23.7","0.6","521","15","20.8","0.6","84","5","3.4","0.2","85","4","3.4","0.2","22","3","0.9","0.1","47","4","1.9","0.1","49","4","2","0.2","222","11","8.800000000000001","0.5"
"Oregon","65 years and over","803","3","799","3","99.5","0.1","436","8","54.3","1","205","8","25.5","0.9","266","7","33.1","0.9","44","3","5.4","0.4","774","4","96.3","0.4","105","6","13.1","0.7","40","3","5","0.4","773","4","96.2","0.4","410","8","51","1","105","6","13.1","0.7","68","3","8.4","0.4","4","1","0.5","0.1"
"Pennsylvania","All people","12790","2","12110","23","94.7","0.2","9108","42","71.2","0.3","7536","44","58.9","0.3","1911","26","14.9","0.2","192","9","1.5","0.1","4960","38","38.8","0.3","2707","40","21.2","0.3","590","22","4.6","0.2","2666","11","20.8","0.1","1495","15","11.7","0.1","491","14","3.8","0.1","252","8","2","0.1","681","23","5.3","0.2"
"Pennsylvania","Under 65 years","10330","4","9664","23","93.5","0.2","7617","36","73.7","0.3","6792","41","65.7","0.4","1024","23","9.9","0.2","108","8","1","0.1","2600","38","25.2","0.4","2381","39","23","0.4","444","21","4.3","0.2","307","10","3","0.1","91","6","0.9","0.1","165","9","1.6","0.1","100","6","1","0.1","669","23","6.5","0.2"
"Pennsylvania","Under 19 years","2805","6","2660","12","94.8","0.3","1801","21","64.2","0.7","1635","22","58.3","0.8","206","12","7.3","0.4","29","4","1","0.1","1073","22","38.2","0.8","1065","22","38","0.8","210","14","7.5","0.5","17","3","0.6","0.1","6","1","0.2","Z","10","3","0.4","0.1","2","1","0.1","Z","145","10","5.2","0.3"
"Pennsylvania","19 - 64 years","7528","6","7004","19","93","0.2","5817","25","77.3","0.3","5157","29","68.5","0.4","818","17","10.9","0.2","80","6","1.1","0.1","1528","24","20.3","0.3","1316","23","17.5","0.3","234","11","3.1","0.2","291","9","3.9","0.1","86","6","1.1","0.1","155","8","2.1","0.1","97","6","1.3","0.1","524","17","7","0.2"
"Pennsylvania","65 years and over","2457","3","2445","3","99.5","0.1","1490","14","60.7","0.6","745","12","30.3","0.5","887","14","36.1","0.6","84","5","3.4","0.2","2360","5","96.09999999999999","0.2","326","9","13.2","0.4","146","6","5.9","0.3","2359","5","96","0.2","1404","14","57.2","0.6","326","9","13.2","0.4","153","6","6.2","0.2","12","2","0.5","0.1"
"Rhode Island","All people","1077","1","1032","7","95.8","0.6","759","14","70.5","1.3","608","15","56.4","1.4","176","10","16.3","0.9","24","3","2.3","0.3","408","13","37.9","1.2","233","12","21.6","1.1","38","5","3.6","0.4","216","4","20","0.4","104","5","9.699999999999999","0.4","46","4","4.3","0.4","20","3","1.9","0.2","45","7","4.2","0.6"
"Rhode Island","Under 65 years","878","2","834","7","94.90000000000001","0.7","652","13","74.2","1.5","554","14","63.1","1.6","111","9","12.7","1","13","3","1.5","0.3","218","12","24.9","1.4","202","12","23","1.3","29","4","3.3","0.5","26","4","3","0.4","5","2","0.5","0.2","16","2","1.8","0.3","6","1","0.7","0.2","44","6","5.1","0.7"
"Rhode Island","Under 19 years","221","2","216","3","97.90000000000001","0.7","153","6","69.40000000000001","2.8","131","7","59.5","3.1","23","4","10.4","1.9","4","1","1.9","0.5","76","6","34.4","2.9","76","6","34.2","2.8","13","3","5.8","1.2","1","1","0.4","0.3","Z","Z","0.1","0.1","Z","Z","0.2","0.2","0","0","0","0","5","2","2.1","0.7"
"Rhode Island","19 - 64 years","657","3","617","6","93.90000000000001","0.9","498","9","75.90000000000001","1.4","423","9","64.3","1.4","88","7","13.4","1","9","2","1.3","0.3","142","8","21.7","1.3","127","8","19.3","1.2","16","3","2.5","0.4","25","3","3.9","0.5","5","2","0.7","0.2","15","2","2.3","0.3","6","1","1","0.2","40","6","6.1","0.9"
"Rhode Island","65 years and over","199","1","198","1","99.5","0.3","107","5","54","2.5","54","4","27","2.1","65","4","32.5","1.9","12","2","5.8","1.1","190","2","95.5","0.8","31","3","15.5","1.7","9","2","4.7","0.8","190","2","95.3","0.8","99","5","49.9","2.4","31","3","15.5","1.7","14","2","7","1","1","1","0.5","0.3"
"South Carolina","All people","5185","3","4715","17","90.90000000000001","0.3","3470","27","66.90000000000001","0.5","2703","28","52.1","0.6","805","23","15.5","0.4","262","13","5","0.3","2005","22","38.7","0.4","1012","23","19.5","0.5","181","10","3.5","0.2","1110","8","21.4","0.2","591","10","11.4","0.2","185","7","3.6","0.1","171","7","3.3","0.1","470","16","9.1","0.3"
"South Carolina","Under 65 years","4195","4","3731","16","88.90000000000001","0.4","2898","25","69.09999999999999","0.6","2400","26","57.2","0.6","503","18","12","0.4","164","11","3.9","0.3","1042","22","24.8","0.5","895","22","21.3","0.5","132","9","3.1","0.2","149","7","3.5","0.2","42","3","1","0.1","68","5","1.6","0.1","83","6","2","0.1","465","16","11.1","0.4"
"South Carolina","Under 19 years","1190","5","1134","8","95.3","0.5","668","16","56.1","1.3","555","14","46.7","1.2","91","9","7.6","0.7","49","6","4.1","0.5","528","15","44.3","1.2","523","15","44","1.2","61","6","5.1","0.5","5","1","0.4","0.1","1","Z","0.1","Z","3","1","0.2","0.1","4","2","0.3","0.1","56","6","4.7","0.5"
"South Carolina","19 - 64 years","3005","7","2597","14","86.40000000000001","0.4","2230","16","74.2","0.5","1844","17","61.4","0.6","412","12","13.7","0.4","115","7","3.8","0.2","514","13","17.1","0.4","372","12","12.4","0.4","71","5","2.4","0.2","144","7","4.8","0.2","41","3","1.4","0.1","65","5","2.2","0.2","79","5","2.6","0.2","409","13","13.6","0.4"
"South Carolina","65 years and over","990","3","984","3","99.40000000000001","0.1","572","8","57.7","0.8","303","8","30.6","0.8","302","9","30.5","0.9","98","6","9.9","0.6","963","4","97.3","0.3","116","6","11.8","0.6","49","3","5","0.4","961","4","97.09999999999999","0.3","549","8","55.5","0.8","116","6","11.8","0.6","88","5","8.9","0.5","6","1","0.6","0.1"
"South Dakota","All people","888","1","817","5","91.90000000000001","0.5","651","8","73.3","0.9","493","11","55.5","1.2","159","6","17.9","0.7","39","4","4.4","0.4","284","7","32","0.8","123","8","13.9","0.8","27","4","3","0.4","171","3","19.3","0.3","91","3","10.3","0.3","25","2","2.8","0.3","34","3","3.9","0.3","72","5","8.1","0.5"
"South Dakota","Under 65 years","730","2","659","5","90.2","0.7","561","8","76.90000000000001","1.1","463","10","63.5","1.4","98","6","13.4","0.8","28","4","3.8","0.5","130","7","17.8","1","106","7","14.5","1","19","4","2.6","0.5","17","2","2.3","0.3","5","1","0.7","0.2","7","1","1","0.2","17","2","2.3","0.3","71","5","9.800000000000001","0.7"
"South Dakota","Under 19 years","231","2","217","3","93.8","0.9","160","5","69.2","1.9","133","6","57.4","2.3","22","3","9.4","1.3","11","2","4.9","1","68","4","29.2","1.9","67","4","28.8","2","11","2","4.5","1","1","Z","0.2","0.2","Z","Z","Z","Z","Z","Z","0.1","0.1","1","1","0.3","0.3","14","2","6.2","0.9"
"South Dakota","19 - 64 years","499","3","442","4","88.59999999999999","0.7","401","5","80.5","1","330","7","66.2","1.3","76","4","15.3","0.8","16","2","3.3","0.4","62","4","12.5","0.8","40","4","7.9","0.7","9","2","1.7","0.4","17","2","3.3","0.4","5","1","1","0.3","7","1","1.4","0.3","16","2","3.2","0.4","57","4","11.4","0.7"
"South Dakota","65 years and over","158","2","158","2","99.8","0.1","90","3","56.8","2","30","3","18.7","1.7","61","3","38.6","1.6","12","2","7.3","1.1","155","2","97.59999999999999","0.5","17","2","11","1.1","8","1","4.8","0.8","154","2","97.5","0.6","86","3","54.5","2","17","2","11","1.1","18","2","11.2","1.2","Z","Z","0.2","0.1"
"Tennessee","All people","6951","3","6304","21","90.7","0.3","4671","36","67.2","0.5","3709","33","53.3","0.5","1008","21","14.5","0.3","244","11","3.5","0.2","2494","30","35.9","0.4","1339","30","19.3","0.4","244","13","3.5","0.2","1317","7","18.9","0.1","646","11","9.300000000000001","0.2","233","8","3.4","0.1","174","7","2.5","0.1","647","20","9.300000000000001","0.3"
"Tennessee","Under 65 years","5762","4","5123","21","88.90000000000001","0.3","4035","34","70","0.6","3409","34","59.2","0.6","641","19","11.1","0.3","159","10","2.8","0.2","1347","31","23.4","0.5","1188","29","20.6","0.5","184","11","3.2","0.2","171","6","3","0.1","45","4","0.8","0.1","82","5","1.4","0.1","86","6","1.5","0.1","640","20","11.1","0.3"
"Tennessee","Under 19 years","1622","6","1536","10","94.7","0.5","970","17","59.8","1","823","18","50.8","1.1","124","8","7.7","0.5","55","6","3.4","0.3","658","17","40.6","1.1","653","18","40.3","1.1","90","8","5.5","0.5","7","2","0.5","0.1","2","1","0.1","0.1","3","1","0.2","0.1","2","1","0.1","0.1","86","7","5.3","0.5"
"Tennessee","19 - 64 years","4140","7","3587","19","86.59999999999999","0.4","3065","25","74","0.6","2585","25","62.4","0.6","516","16","12.5","0.4","103","7","2.5","0.2","689","18","16.6","0.4","535","16","12.9","0.4","94","6","2.3","0.1","164","7","4","0.2","43","4","1","0.1","79","5","1.9","0.1","84","6","2","0.1","554","17","13.4","0.4"
"Tennessee","65 years and over","1189","3","1182","4","99.40000000000001","0.2","636","11","53.5","0.9","300","8","25.2","0.7","367","11","30.9","0.9","86","6","7.2","0.5","1147","4","96.5","0.3","151","5","12.7","0.5","61","4","5.1","0.4","1146","4","96.40000000000001","0.3","601","11","50.5","0.9","151","5","12.7","0.5","88","4","7.4","0.3","7","2","0.6","0.2"
"Texas","All people","29540","7","24640","55","83.40000000000001","0.2","18560","83","62.8","0.3","15170","88","51.4","0.3","3604","52","12.2","0.2","896","26","3","0.1","8746","66","29.6","0.2","4980","66","16.9","0.2","749","24","2.5","0.1","4190","16","14.2","0.1","1899","19","6.4","0.1","775","16","2.6","0.1","666","18","2.3","0.1","4899","53","16.6","0.2"
"Texas","Under 65 years","25590","10","20760","55","81.09999999999999","0.2","16620","79","64.90000000000001","0.3","14090","84","55.1","0.3","2659","49","10.4","0.2","610","24","2.4","0.1","5031","67","19.7","0.3","4426","66","17.3","0.3","567","22","2.2","0.1","481","16","1.9","0.1","120","8","0.5","Z","221","11","0.9","Z","392","14","1.5","0.1","4830","54","18.9","0.2"
"Texas","Under 19 years","7862","12","7007","31","89.09999999999999","0.4","4265","50","54.3","0.6","3614","48","46","0.6","589","23","7.5","0.3","212","14","2.7","0.2","3041","50","38.7","0.6","3004","50","38.2","0.6","287","16","3.7","0.2","48","7","0.6","0.1","11","4","0.1","Z","21","4","0.3","Z","14","3","0.2","Z","854","28","10.9","0.4"
"Texas","19 - 64 years","17730","17","13760","39","77.59999999999999","0.2","12350","43","69.7","0.2","10480","50","59.1","0.3","2071","35","11.7","0.2","399","15","2.2","0.1","1989","28","11.2","0.2","1422","27","8","0.1","280","11","1.6","0.1","433","13","2.4","0.1","109","7","0.6","Z","200","10","1.1","0.1","378","13","2.1","0.1","3975","37","22.4","0.2"
"Texas","65 years and over","3947","6","3877","8","98.2","0.1","1944","16","49.2","0.4","1082","15","27.4","0.4","944","15","23.9","0.4","286","10","7.2","0.3","3716","10","94.09999999999999","0.2","555","9","14.1","0.2","181","6","4.6","0.2","3709","10","94","0.2","1779","17","45.1","0.4","555","9","14.1","0.2","274","9","6.9","0.2","69","5","1.8","0.1"
"Utah","All people","3354","2","3081","16","91.90000000000001","0.5","2630","22","78.40000000000001","0.6","2158","24","64.40000000000001","0.7","516","20","15.4","0.6","84","7","2.5","0.2","745","17","22.2","0.5","365","17","10.9","0.5","86","8","2.6","0.2","416","5","12.4","0.2","213","6","6.3","0.2","57","4","1.7","0.1","47","4","1.4","0.1","273","16","8.1","0.5"
"Utah","Under 65 years","2955","2","2686","16","90.90000000000001","0.5","2408","22","81.5","0.7","2041","23","69.09999999999999","0.8","397","18","13.4","0.6","56","7","1.9","0.2","370","17","12.5","0.6","328","16","11.1","0.5","68","7","2.3","0.2","41","4","1.4","0.1","11","2","0.4","0.1","20","2","0.7","0.1","24","3","0.8","0.1","269","16","9.1","0.5"
"Utah","Under 19 years","987","3","927","7","93.90000000000001","0.8","787","12","79.7","1.2","670","11","67.90000000000001","1.2","117","10","11.9","1","22","4","2.2","0.4","175","10","17.7","1","173","10","17.5","1","34","4","3.5","0.4","3","1","0.3","0.1","Z","Z","Z","Z","2","1","0.2","0.1","2","1","0.2","0.1","61","7","6.1","0.8"
"Utah","19 - 64 years","1968","4","1760","12","89.40000000000001","0.6","1622","14","82.40000000000001","0.7","1371","16","69.59999999999999","0.8","280","11","14.2","0.6","34","4","1.7","0.2","195","9","9.9","0.5","155","8","7.9","0.4","34","4","1.7","0.2","39","4","2","0.2","11","2","0.5","0.1","18","2","0.9","0.1","22","3","1.1","0.1","208","12","10.6","0.6"
"Utah","65 years and over","399","2","395","2","99","0.3","222","6","55.7","1.5","117","4","29.4","1","118","6","29.7","1.5","28","3","7","0.8","375","3","94.09999999999999","0.7","38","3","9.5","0.9","18","2","4.5","0.5","375","3","93.90000000000001","0.7","202","6","50.7","1.4","38","3","9.5","0.9","22","2","5.6","0.5","4","1","1","0.3"
"Vermont","All people","640","1","616","3","96.09999999999999","0.5","448","8","70","1.2","355","8","55.4","1.3","104","4","16.3","0.7","16","2","2.5","0.3","268","7","41.9","1.1","141","7","22.1","1","23","2","3.6","0.4","150","2","23.5","0.4","85","3","13.2","0.5","28","3","4.4","0.4","15","2","2.4","0.3","25","3","3.9","0.5"
"Vermont","Under 65 years","504","1","479","3","95.09999999999999","0.6","364","7","72.09999999999999","1.4","313","8","62.1","1.5","56","4","11.1","0.8","9","2","1.7","0.4","136","7","27.1","1.3","124","6","24.7","1.3","15","2","3","0.4","19","2","3.7","0.4","5","1","0.9","0.2","12","2","2.3","0.3","6","1","1.2","0.3","25","3","4.9","0.6"
"Vermont","Under 19 years","124","2","121","2","97.40000000000001","0.9","78","4","62.5","2.9","68","4","55.1","3","10","2","7.7","1.8","3","1","2.1","0.7","50","4","40.2","2.9","49","4","39.4","2.9","6","1","4.9","1.1","1","Z","0.4","0.3","Z","Z","0.1","0.1","Z","Z","0.1","0.1","1","Z","0.4","0.4","3","1","2.6","0.9"
"Vermont","19 - 64 years","380","2","358","3","94.40000000000001","0.8","286","6","75.3","1.4","244","6","64.40000000000001","1.5","46","3","12.2","0.7","6","1","1.6","0.3","87","5","22.8","1.3","75","4","19.9","1.2","9","1","2.4","0.3","18","2","4.7","0.5","4","1","1.2","0.2","11","2","3","0.4","5","1","1.4","0.3","21","3","5.6","0.8"
"Vermont","65 years and over","136","1","136","1","99.8","0.2","84","3","61.9","2.3","42","3","30.9","2","49","3","35.6","2.1","7","1","5.2","0.9","132","1","96.59999999999999","0.7","17","2","12.3","1.5","8","1","5.8","1","132","1","96.59999999999999","0.7","80","3","58.7","2.4","17","2","12.3","1.5","9","1","7","0.9","Z","Z","0.2","0.2"
"Virginia","All people","8446","6","7901","19","93.5","0.2","6168","33","73","0.4","4988","33","59.1","0.4","1098","21","13","0.3","644","23","7.6","0.3","2888","29","34.2","0.3","1399","28","16.6","0.3","228","11","2.7","0.1","1519","10","18","0.1","874","13","10.4","0.1","188","7","2.2","0.1","290","9","3.4","0.1","545","18","6.5","0.2"
"Virginia","Under 65 years","7017","8","6482","19","92.40000000000001","0.2","5276","29","75.2","0.4","4498","32","64.09999999999999","0.5","662","21","9.4","0.3","470","21","6.7","0.3","1530","28","21.8","0.4","1271","27","18.1","0.4","176","10","2.5","0.1","164","8","2.3","0.1","45","4","0.6","Z","60","4","0.9","0.1","194","8","2.8","0.1","536","17","7.6","0.2"
"Virginia","Under 19 years","1979","6","1892","10","95.59999999999999","0.4","1354","17","68.40000000000001","0.8","1123","17","56.7","0.8","136","9","6.9","0.5","179","10","9","0.5","625","17","31.6","0.9","605","17","30.6","0.9","80","6","4","0.3","13","3","0.6","0.1","2","1","0.1","Z","6","1","0.3","0.1","22","3","1.1","0.2","87","8","4.4","0.4"
"Virginia","19 - 64 years","5039","10","4589","19","91.09999999999999","0.3","3922","21","77.8","0.4","3375","22","67","0.4","526","15","10.4","0.3","291","14","5.8","0.3","905","19","18","0.4","666","17","13.2","0.3","96","7","1.9","0.1","151","7","3","0.1","43","3","0.9","0.1","55","4","1.1","0.1","173","7","3.4","0.1","449","15","8.9","0.3"
"Virginia","65 years and over","1429","4","1420","5","99.3","0.1","892","11","62.4","0.7","490","10","34.3","0.7","436","10","30.5","0.7","173","8","12.1","0.5","1357","7","95","0.3","128","6","9","0.4","53","3","3.7","0.2","1355","7","94.90000000000001","0.3","829","12","58","0.8","128","6","9","0.4","96","4","6.7","0.3","9","2","0.7","0.1"
"Washington","All people","7667","4","7199","16","93.90000000000001","0.2","5429","31","70.8","0.4","4491","33","58.6","0.4","1011","22","13.2","0.3","298","14","3.9","0.2","2786","28","36.3","0.4","1588","28","20.7","0.4","302","13","3.9","0.2","1361","9","17.8","0.1","738","11","9.6","0.1","239","8","3.1","0.1","183","7","2.4","0.1","468","16","6.1","0.2"
"Washington","Under 65 years","6381","5","5922","17","92.8","0.2","4678","30","73.3","0.5","4105","32","64.3","0.5","603","19","9.5","0.3","198","11","3.1","0.2","1559","28","24.4","0.4","1422","27","22.3","0.4","234","13","3.7","0.2","136","7","2.1","0.1","38","4","0.6","0.1","73","5","1.1","0.1","94","6","1.5","0.1","459","16","7.2","0.2"
"Washington","Under 19 years","1733","4","1685","6","97.2","0.3","1110","16","64.09999999999999","0.9","974","17","56.2","1","109","8","6.3","0.5","68","6","4","0.3","683","17","39.4","1","679","17","39.2","1","108","8","6.2","0.5","7","2","0.4","0.1","2","1","0.1","Z","4","1","0.2","0.1","2","1","0.1","0.1","48","5","2.8","0.3"
"Washington","19 - 64 years","4648","6","4238","16","91.2","0.3","3568","21","76.8","0.4","3131","23","67.40000000000001","0.5","494","14","10.6","0.3","130","7","2.8","0.2","876","17","18.8","0.4","743","17","16","0.4","126","7","2.7","0.2","129","7","2.8","0.1","36","4","0.8","0.1","70","5","1.5","0.1","93","5","2","0.1","410","14","8.800000000000001","0.3"
"Washington","65 years and over","1286","3","1277","4","99.3","0.1","751","11","58.4","0.8","386","11","30","0.8","407","9","31.7","0.7","100","5","7.8","0.4","1227","5","95.40000000000001","0.3","166","7","12.9","0.5","68","4","5.3","0.3","1226","5","95.3","0.3","700","11","54.4","0.8","166","7","12.9","0.5","88","4","6.9","0.3","9","2","0.7","0.1"
"West Virginia","All people","1741","1","1638","7","94.09999999999999","0.4","1076","18","61.8","1","922","16","52.9","0.9","202","9","11.6","0.5","44","4","2.5","0.2","857","15","49.2","0.9","494","16","28.4","0.9","74","6","4.3","0.3","424","4","24.4","0.2","231","5","13.3","0.3","83","5","4.8","0.3","64","4","3.7","0.2","103","7","5.9","0.4"
"West Virginia","Under 65 years","1374","2","1272","7","92.59999999999999","0.5","854","17","62.2","1.3","779","16","56.7","1.2","96","7","7","0.5","23","3","1.7","0.2","498","15","36.2","1.1","444","16","32.3","1.2","53","5","3.9","0.4","67","4","4.9","0.3","17","2","1.2","0.1","33","3","2.4","0.2","27","3","2","0.2","102","7","7.4","0.5"
"West Virginia","Under 19 years","375","3","365","4","97.2","0.7","197","8","52.5","2.1","184","7","49","1.9","16","3","4.2","0.7","5","1","1.3","0.4","191","9","51","2.3","190","9","50.5","2.3","23","4","6","1","2","1","0.5","0.2","Z","Z","0.1","0.1","1","1","0.3","0.1","1","1","0.3","0.2","11","2","2.8","0.7"
"West Virginia","19 - 64 years","999","4","908","7","90.90000000000001","0.6","657","12","65.8","1.2","595","12","59.6","1.1","80","6","8","0.6","18","2","1.8","0.2","307","9","30.7","1","254","10","25.4","1","31","3","3.1","0.3","65","4","6.5","0.4","16","2","1.6","0.2","32","3","3.2","0.3","26","3","2.6","0.3","91","6","9.1","0.6"
"West Virginia","65 years and over","367","2","366","2","99.7","0.1","222","5","60.4","1.3","143","5","39","1.4","106","4","28.9","1.1","21","2","5.6","0.6","359","2","97.7","0.4","50","3","13.7","0.9","21","2","5.7","0.6","358","2","97.5","0.5","214","5","58.4","1.3","50","3","13.7","0.9","36","3","9.9","0.7","1","1","0.3","0.1"
"Wisconsin","All people","5831","1","5529","11","94.8","0.2","4273","25","73.3","0.4","3533","25","60.6","0.4","868","15","14.9","0.3","89","5","1.5","0.1","2079","21","35.7","0.4","1065","20","18.3","0.3","234","11","4","0.2","1173","6","20.1","0.1","631","9","10.8","0.2","199","7","3.4","0.1","125","4","2.2","0.1","303","11","5.2","0.2"
"Wisconsin","Under 65 years","4755","3","4454","11","93.7","0.2","3651","23","76.8","0.5","3285","23","69.09999999999999","0.5","445","12","9.4","0.3","53","4","1.1","0.1","1031","20","21.7","0.4","939","20","19.7","0.4","178","10","3.7","0.2","126","6","2.7","0.1","36","4","0.8","0.1","73","5","1.5","0.1","48","3","1","0.1","300","11","6.3","0.2"
"Wisconsin","Under 19 years","1326","4","1266","6","95.5","0.4","928","11","70","0.8","861","12","65","0.9","76","7","5.8","0.5","17","3","1.3","0.2","436","12","32.9","0.9","433","12","32.6","0.9","96","8","7.3","0.6","9","3","0.6","0.2","4","2","0.3","0.2","6","2","0.4","0.2","1","Z","0.1","Z","60","5","4.5","0.4"
"Wisconsin","19 - 64 years","3429","4","3189","10","93","0.3","2723","16","79.40000000000001","0.5","2424","16","70.7","0.5","369","9","10.8","0.3","36","3","1","0.1","595","13","17.4","0.4","506","12","14.8","0.3","81","5","2.4","0.1","118","5","3.4","0.1","32","3","0.9","0.1","68","4","2","0.1","47","3","1.4","0.1","240","9","7","0.3"
"Wisconsin","65 years and over","1077","2","1074","3","99.7","0.1","622","9","57.8","0.8","248","7","23.1","0.6","422","9","39.2","0.8","36","3","3.3","0.2","1048","4","97.3","0.2","126","4","11.7","0.4","56","3","5.2","0.3","1047","4","97.2","0.2","595","9","55.3","0.8","126","4","11.7","0.4","77","3","7.2","0.3","3","1","0.3","0.1"
"Wyoming","All people","571","1","505","7","88.5","1.2","405","9","71","1.6","311","9","54.5","1.6","95","7","16.7","1.2","22","4","3.9","0.7","178","6","31.2","1","66","6","11.6","1","13","2","2.3","0.4","117","2","20.5","0.4","62","3","10.8","0.5","15","2","2.7","0.4","22","3","3.8","0.5","66","7","11.5","1.2"
"Wyoming","Under 65 years","465","2","400","7","86","1.4","345","9","74.2","1.9","287","9","61.8","1.9","59","6","12.6","1.3","15","3","3.1","0.7","75","6","16.1","1.2","57","6","12.3","1.2","10","2","2.2","0.4","14","2","3.1","0.5","4","1","0.9","0.2","6","1","1.3","0.3","11","3","2.4","0.5","65","7","14","1.4"
"Wyoming","Under 19 years","139","2","128","3","92.09999999999999","1.7","99","4","71.59999999999999","3.1","85","4","61.4","3.2","13","3","9.300000000000001","2.1","6","2","4","1.3","33","4","24.1","2.8","33","4","23.8","2.8","5","1","3.5","1","1","1","0.4","0.5","Z","1","0.2","0.4","Z","Z","0.2","0.3","Z","Z","0.1","0.1","11","2","7.9","1.7"
"Wyoming","19 - 64 years","327","2","272","6","83.40000000000001","1.7","246","7","75.3","1.8","202","6","61.9","1.9","46","4","14","1.3","9","2","2.8","0.6","42","4","12.8","1.2","24","3","7.4","0.9","5","1","1.6","0.4","14","2","4.2","0.6","4","1","1.2","0.3","6","1","1.8","0.4","11","3","3.5","0.8","54","5","16.6","1.7"
"Wyoming","65 years and over","105","1","105","1","99.5","0.4","60","3","56.6","2.4","23","2","22.2","1.9","37","3","34.9","2.4","8","2","7.2","1.6","103","1","97.5","0.8","9","2","8.4","1.5","3","1","3","0.8","103","1","97.40000000000001","0.8","58","3","54.6","2.3","9","2","8.4","1.5","10","2","9.699999999999999","1.6","1","Z","0.5","0.4"
"Z Rounds to zero.",NA,NA,NA,NA,NA,NA,NA,NA,NA,NA,NA,NA,NA,NA,NA,NA,NA,NA,NA,NA,NA,NA,NA,NA,NA,NA,NA,NA,NA,NA,NA,NA,NA,NA,NA,NA,NA,NA,NA,NA,NA,NA,NA,NA,NA,NA,NA,NA,NA,NA,NA,NA,NA,NA,NA
