source_file,group,category,sample_size,response,pct,ci_low,ci_high
2024_PHR10_BRFSS_Summary_Tables.xlsx,Total,Total,451,YES,19.9,15.4,25.3
2024_PHR10_BRFSS_Summary_Tables.xlsx,Sex,Male,228,YES,19.2,13.7,26.3
2024_PHR10_BRFSS_Summary_Tables.xlsx,Sex,Female,223,YES,20.5,13.7,29.6
2024_PHR10_BRFSS_Summary_Tables.xlsx,Race/Ethnicity,"White, Non-Hispanic",90,YES,,,
2024_PHR10_BRFSS_Summary_Tables.xlsx,Race/Ethnicity,"Black, Non-Hispanic",N,YES,,,
2024_PHR10_BRFSS_Summary_Tables.xlsx,Race/Ethnicity,Hispanic,315,YES,22.4,17.1,28.9
2024_PHR10_BRFSS_Summary_Tables.xlsx,Race/Ethnicity,"Other/Multiracial, Non-Hispanic",N,YES,,,
2024_PHR10_BRFSS_Summary_Tables.xlsx,Age,18 to 29,82,YES,23.9,12.9,39.9
2024_PHR10_BRFSS_Summary_Tables.xlsx,Age,30 to 44,87,YES,33.4,22.7,46.1
2024_PHR10_BRFSS_Summary_Tables.xlsx,Age,45 to 64,136,YES,19.1,12.5,27.9
2024_PHR10_BRFSS_Summary_Tables.xlsx,Age,65+,143,YES,,,
2024_PHR10_BRFSS_Summary_Tables.xlsx,Education,Less than high school,59,YES,,,
2024_PHR10_BRFSS_Summary_Tables.xlsx,Education,High school graduate,110,YES,23.1,15.5,33.2
2024_PHR10_BRFSS_Summary_Tables.xlsx,Education,Some college,121,YES,21.4,14.0,31.2
2024_PHR10_BRFSS_Summary_Tables.xlsx,Education,College graduate,161,YES,11.5,6.9,18.6
2024_PHR10_BRFSS_Summary_Tables.xlsx,Income,"<$25,000",90,YES,26.6,17.7,38.0
2024_PHR10_BRFSS_Summary_Tables.xlsx,Income,"$25,000 to <$50,000",114,YES,25.1,16.9,35.6
2024_PHR10_BRFSS_Summary_Tables.xlsx,Income,"$50,000+",174,YES,11.4,6.5,19.1
2024_PHR10_BRFSS_Summary_Tables.xlsx,Marital Status,Married,220,YES,15.9,10.8,22.8
2024_PHR10_BRFSS_Summary_Tables.xlsx,Marital Status,Not married,229,YES,23.3,16.3,32.1
2024_PHR10_BRFSS_Summary_Tables.xlsx,Employment Status,Employed,236,YES,22.9,17.1,29.9
2024_PHR10_BRFSS_Summary_Tables.xlsx,Employment Status,Not employed,200,YES,17.3,10.4,27.3
2024_PHR10_BRFSS_Summary_Tables.xlsx,Health Insurance,Health insurance,366,YES,14.7,10.1,20.8
2024_PHR10_BRFSS_Summary_Tables.xlsx,Health Insurance,No health insurance,64,YES,44.4,30.8,58.8
2024_PHR10_BRFSS_Summary_Tables.xlsx,Disability Status,Has disability,163,YES,27.2,18.4,38.1
2024_PHR10_BRFSS_Summary_Tables.xlsx,Disability Status,No disability,255,YES,15.8,11.1,22.0
2024_PHR10_BRFSS_Summary_Tables.xlsx,Sexual Orientation,"Gay, Lesbian, or Bisexual",N,YES,,,
2024_PHR10_BRFSS_Summary_Tables.xlsx,Sexual Orientation,Straight,353,YES,19.6,15.1,25.1
2024_PHR10_BRFSS_Summary_Tables.xlsx,Total,Total,451,NO,80.1,74.7,84.6
2024_PHR10_BRFSS_Summary_Tables.xlsx,Sex,Male,228,NO,80.8,73.7,86.3
2024_PHR10_BRFSS_Summary_Tables.xlsx,Sex,Female,223,NO,79.5,70.4,86.3
2024_PHR10_BRFSS_Summary_Tables.xlsx,Race/Ethnicity,"White, Non-Hispanic",90,NO,93.5,80.2,98.1
2024_PHR10_BRFSS_Summary_Tables.xlsx,Race/Ethnicity,"Black, Non-Hispanic",N,NO,,,
2024_PHR10_BRFSS_Summary_Tables.xlsx,Race/Ethnicity,Hispanic,315,NO,77.6,71.1,82.9
2024_PHR10_BRFSS_Summary_Tables.xlsx,Race/Ethnicity,"Other/Multiracial, Non-Hispanic",N,NO,,,
2024_PHR10_BRFSS_Summary_Tables.xlsx,Age,18 to 29,82,NO,76.1,60.1,87.1
2024_PHR10_BRFSS_Summary_Tables.xlsx,Age,30 to 44,87,NO,66.6,53.9,77.3
2024_PHR10_BRFSS_Summary_Tables.xlsx,Age,45 to 64,136,NO,80.9,72.1,87.5
2024_PHR10_BRFSS_Summary_Tables.xlsx,Age,65+,143,NO,91.9,85.5,95.6
2024_PHR10_BRFSS_Summary_Tables.xlsx,Education,Less than high school,59,NO,76.7,55.8,89.6
2024_PHR10_BRFSS_Summary_Tables.xlsx,Education,High school graduate,110,NO,76.9,66.8,84.5
2024_PHR10_BRFSS_Summary_Tables.xlsx,Education,Some college,121,NO,78.6,68.8,86.0
2024_PHR10_BRFSS_Summary_Tables.xlsx,Education,College graduate,161,NO,88.5,81.4,93.1
2024_PHR10_BRFSS_Summary_Tables.xlsx,Income,"<$25,000",90,NO,73.4,62.0,82.3
2024_PHR10_BRFSS_Summary_Tables.xlsx,Income,"$25,000 to <$50,000",114,NO,74.9,64.4,83.1
2024_PHR10_BRFSS_Summary_Tables.xlsx,Income,"$50,000+",174,NO,88.6,80.9,93.5
2024_PHR10_BRFSS_Summary_Tables.xlsx,Marital Status,Married,220,NO,84.1,77.2,89.2
2024_PHR10_BRFSS_Summary_Tables.xlsx,Marital Status,Not married,229,NO,76.7,67.9,83.7
2024_PHR10_BRFSS_Summary_Tables.xlsx,Employment Status,Employed,236,NO,77.1,70.1,82.9
2024_PHR10_BRFSS_Summary_Tables.xlsx,Employment Status,Not employed,200,NO,82.7,72.7,89.6
2024_PHR10_BRFSS_Summary_Tables.xlsx,Health Insurance,Health insurance,366,NO,85.3,79.2,89.9
2024_PHR10_BRFSS_Summary_Tables.xlsx,Health Insurance,No health insurance,64,NO,55.6,41.2,69.2
2024_PHR10_BRFSS_Summary_Tables.xlsx,Disability Status,Has disability,163,NO,72.8,61.9,81.6
2024_PHR10_BRFSS_Summary_Tables.xlsx,Disability Status,No disability,255,NO,84.2,78.0,88.9
2024_PHR10_BRFSS_Summary_Tables.xlsx,Sexual Orientation,"Gay, Lesbian, or Bisexual",N,NO,,,
2024_PHR10_BRFSS_Summary_Tables.xlsx,Sexual Orientation,Straight,353,NO,80.4,74.9,84.9
2024_PHR11_BRFSS_Summary_Tables.xlsx,Total,Total,638,YES,16.9,13.0,21.7
2024_PHR11_BRFSS_Summary_Tables.xlsx,Sex,Male,317,YES,13.0,8.4,19.7
2024_PHR11_BRFSS_Summary_Tables.xlsx,Sex,Female,321,YES,20.7,14.8,28.1
2024_PHR11_BRFSS_Summary_Tables.xlsx,Race/Ethnicity,"White, Non-Hispanic",137,YES,,,
2024_PHR11_BRFSS_Summary_Tables.xlsx,Race/Ethnicity,"Black, Non-Hispanic",N,YES,,,
2024_PHR11_BRFSS_Summary_Tables.xlsx,Race/Ethnicity,Hispanic,448,YES,17.8,13.2,23.5
2024_PHR11_BRFSS_Summary_Tables.xlsx,Race/Ethnicity,"Other/Multiracial, Non-Hispanic",N,YES,,,
2024_PHR11_BRFSS_Summary_Tables.xlsx,Age,18 to 29,100,YES,20.0,11.8,31.9
2024_PHR11_BRFSS_Summary_Tables.xlsx,Age,30 to 44,154,YES,24.5,15.9,35.7
2024_PHR11_BRFSS_Summary_Tables.xlsx,Age,45 to 64,194,YES,13.6,8.1,22.1
2024_PHR11_BRFSS_Summary_Tables.xlsx,Age,65+,186,YES,,,
2024_PHR11_BRFSS_Summary_Tables.xlsx,Education,Less than high school,116,YES,21.0,11.7,34.8
2024_PHR11_BRFSS_Summary_Tables.xlsx,Education,High school graduate,184,YES,14.9,9.7,22.3
2024_PHR11_BRFSS_Summary_Tables.xlsx,Education,Some college,149,YES,21.2,13.3,32.1
2024_PHR11_BRFSS_Summary_Tables.xlsx,Education,College graduate,181,YES,,,
2024_PHR11_BRFSS_Summary_Tables.xlsx,Income,"<$25,000",156,YES,24.2,15.1,36.3
2024_PHR11_BRFSS_Summary_Tables.xlsx,Income,"$25,000 to <$50,000",155,YES,17.3,10.4,27.3
2024_PHR11_BRFSS_Summary_Tables.xlsx,Income,"$50,000+",215,YES,,,
2024_PHR11_BRFSS_Summary_Tables.xlsx,Marital Status,Married,286,YES,11.4,7.0,17.9
2024_PHR11_BRFSS_Summary_Tables.xlsx,Marital Status,Not married,347,YES,21.3,15.4,28.6
2024_PHR11_BRFSS_Summary_Tables.xlsx,Employment Status,Employed,311,YES,17.6,12.2,24.6
2024_PHR11_BRFSS_Summary_Tables.xlsx,Employment Status,Not employed,311,YES,16.5,11.0,24.0
2024_PHR11_BRFSS_Summary_Tables.xlsx,Health Insurance,Health insurance,486,YES,13.2,9.2,18.6
2024_PHR11_BRFSS_Summary_Tables.xlsx,Health Insurance,No health insurance,99,YES,31.8,20.6,45.7
2024_PHR11_BRFSS_Summary_Tables.xlsx,Disability Status,Has disability,227,YES,20.5,14.1,28.7
2024_PHR11_BRFSS_Summary_Tables.xlsx,Disability Status,No disability,369,YES,15.8,10.7,22.7
2024_PHR11_BRFSS_Summary_Tables.xlsx,Sexual Orientation,"Gay, Lesbian, or Bisexual",N,YES,,,
2024_PHR11_BRFSS_Summary_Tables.xlsx,Sexual Orientation,Straight,486,YES,17.9,13.2,23.9
2024_PHR11_BRFSS_Summary_Tables.xlsx,Total,Total,638,NO,83.1,78.3,87.0
2024_PHR11_BRFSS_Summary_Tables.xlsx,Sex,Male,317,NO,87.0,80.3,91.6
2024_PHR11_BRFSS_Summary_Tables.xlsx,Sex,Female,321,NO,79.3,71.9,85.2
2024_PHR11_BRFSS_Summary_Tables.xlsx,Race/Ethnicity,"White, Non-Hispanic",137,NO,83.8,69.8,92.1
2024_PHR11_BRFSS_Summary_Tables.xlsx,Race/Ethnicity,"Black, Non-Hispanic",N,NO,,,
2024_PHR11_BRFSS_Summary_Tables.xlsx,Race/Ethnicity,Hispanic,448,NO,82.2,76.5,86.8
2024_PHR11_BRFSS_Summary_Tables.xlsx,Race/Ethnicity,"Other/Multiracial, Non-Hispanic",N,NO,,,
2024_PHR11_BRFSS_Summary_Tables.xlsx,Age,18 to 29,100,NO,80.0,68.1,88.2
2024_PHR11_BRFSS_Summary_Tables.xlsx,Age,30 to 44,154,NO,75.5,64.3,84.1
2024_PHR11_BRFSS_Summary_Tables.xlsx,Age,45 to 64,194,NO,86.4,77.9,91.9
2024_PHR11_BRFSS_Summary_Tables.xlsx,Age,65+,186,NO,92.9,84.5,96.9
2024_PHR11_BRFSS_Summary_Tables.xlsx,Education,Less than high school,116,NO,79.0,65.2,88.3
2024_PHR11_BRFSS_Summary_Tables.xlsx,Education,High school graduate,184,NO,85.1,77.7,90.3
2024_PHR11_BRFSS_Summary_Tables.xlsx,Education,Some college,149,NO,78.8,67.9,86.7
2024_PHR11_BRFSS_Summary_Tables.xlsx,Education,College graduate,181,NO,89.5,81.3,94.3
2024_PHR11_BRFSS_Summary_Tables.xlsx,Income,"<$25,000",156,NO,75.8,63.7,84.9
2024_PHR11_BRFSS_Summary_Tables.xlsx,Income,"$25,000 to <$50,000",155,NO,82.7,72.7,89.6
2024_PHR11_BRFSS_Summary_Tables.xlsx,Income,"$50,000+",215,NO,90.2,82.7,94.7
2024_PHR11_BRFSS_Summary_Tables.xlsx,Marital Status,Married,286,NO,88.6,82.1,93.0
2024_PHR11_BRFSS_Summary_Tables.xlsx,Marital Status,Not married,347,NO,78.7,71.4,84.6
2024_PHR11_BRFSS_Summary_Tables.xlsx,Employment Status,Employed,311,NO,82.4,75.4,87.8
2024_PHR11_BRFSS_Summary_Tables.xlsx,Employment Status,Not employed,311,NO,83.5,76.0,89.0
2024_PHR11_BRFSS_Summary_Tables.xlsx,Health Insurance,Health insurance,486,NO,86.8,81.4,90.8
2024_PHR11_BRFSS_Summary_Tables.xlsx,Health Insurance,No health insurance,99,NO,68.2,54.3,79.4
2024_PHR11_BRFSS_Summary_Tables.xlsx,Disability Status,Has disability,227,NO,79.5,71.3,85.9
2024_PHR11_BRFSS_Summary_Tables.xlsx,Disability Status,No disability,369,NO,84.2,77.3,89.3
2024_PHR11_BRFSS_Summary_Tables.xlsx,Sexual Orientation,"Gay, Lesbian, or Bisexual",N,NO,,,
2024_PHR11_BRFSS_Summary_Tables.xlsx,Sexual Orientation,Straight,486,NO,82.1,76.1,86.8
2024_PHR1_BRFSS_Summary_Tables.xlsx,Total,Total,976,YES,20.0,14.4,27.2
2024_PHR1_BRFSS_Summary_Tables.xlsx,Sex,Male,476,YES,19.5,13.3,27.7
2024_PHR1_BRFSS_Summary_Tables.xlsx,Sex,Female,500,YES,20.5,12.1,32.5
2024_PHR1_BRFSS_Summary_Tables.xlsx,Race/Ethnicity,"White, Non-Hispanic",631,YES,11.3,7.1,17.6
2024_PHR1_BRFSS_Summary_Tables.xlsx,Race/Ethnicity,"Black, Non-Hispanic",51,YES,,,
2024_PHR1_BRFSS_Summary_Tables.xlsx,Race/Ethnicity,Hispanic,218,YES,30.3,18.8,45.0
2024_PHR1_BRFSS_Summary_Tables.xlsx,Race/Ethnicity,"Other/Multiracial, Non-Hispanic",52,YES,,,
2024_PHR1_BRFSS_Summary_Tables.xlsx,Age,18 to 29,136,YES,,,
2024_PHR1_BRFSS_Summary_Tables.xlsx,Age,30 to 44,221,YES,25.2,14.2,40.8
2024_PHR1_BRFSS_Summary_Tables.xlsx,Age,45 to 64,283,YES,30.5,19.0,44.9
2024_PHR1_BRFSS_Summary_Tables.xlsx,Age,65+,329,YES,,,
2024_PHR1_BRFSS_Summary_Tables.xlsx,Education,Less than high school,76,YES,49.0,28.4,69.9
2024_PHR1_BRFSS_Summary_Tables.xlsx,Education,High school graduate,249,YES,16.7,9.6,27.4
2024_PHR1_BRFSS_Summary_Tables.xlsx,Education,Some college,279,YES,,,
2024_PHR1_BRFSS_Summary_Tables.xlsx,Education,College graduate,370,YES,,,
2024_PHR1_BRFSS_Summary_Tables.xlsx,Income,"<$25,000",129,YES,,,
2024_PHR1_BRFSS_Summary_Tables.xlsx,Income,"$25,000 to <$50,000",215,YES,28.6,15.5,46.7
2024_PHR1_BRFSS_Summary_Tables.xlsx,Income,"$50,000+",454,YES,,,
2024_PHR1_BRFSS_Summary_Tables.xlsx,Marital Status,Married,504,YES,21.2,13.0,32.6
2024_PHR1_BRFSS_Summary_Tables.xlsx,Marital Status,Not married,468,YES,18.5,12.2,27.0
2024_PHR1_BRFSS_Summary_Tables.xlsx,Employment Status,Employed,527,YES,20.4,13.2,30.3
2024_PHR1_BRFSS_Summary_Tables.xlsx,Employment Status,Not employed,431,YES,21.0,12.6,32.8
2024_PHR1_BRFSS_Summary_Tables.xlsx,Health Insurance,Health insurance,843,YES,15.3,10.0,22.6
2024_PHR1_BRFSS_Summary_Tables.xlsx,Health Insurance,No health insurance,89,YES,50.7,28.2,72.9
2024_PHR1_BRFSS_Summary_Tables.xlsx,Disability Status,Has disability,295,YES,29.4,18.2,43.8
2024_PHR1_BRFSS_Summary_Tables.xlsx,Disability Status,No disability,618,YES,15.4,9.2,24.6
2024_PHR1_BRFSS_Summary_Tables.xlsx,Sexual Orientation,"Gay, Lesbian, or Bisexual",N,YES,,,
2024_PHR1_BRFSS_Summary_Tables.xlsx,Sexual Orientation,Straight,850,YES,17.0,11.5,24.2
2024_PHR1_BRFSS_Summary_Tables.xlsx,Total,Total,976,NO,80.0,72.8,85.6
2024_PHR1_BRFSS_Summary_Tables.xlsx,Sex,Male,476,NO,80.5,72.3,86.7
2024_PHR1_BRFSS_Summary_Tables.xlsx,Sex,Female,500,NO,79.5,67.5,87.9
2024_PHR1_BRFSS_Summary_Tables.xlsx,Race/Ethnicity,"White, Non-Hispanic",631,NO,88.7,82.4,92.9
2024_PHR1_BRFSS_Summary_Tables.xlsx,Race/Ethnicity,"Black, Non-Hispanic",51,NO,91.0,76.6,96.9
2024_PHR1_BRFSS_Summary_Tables.xlsx,Race/Ethnicity,Hispanic,218,NO,69.7,55.0,81.2
2024_PHR1_BRFSS_Summary_Tables.xlsx,Race/Ethnicity,"Other/Multiracial, Non-Hispanic",52,NO,70.0,37.0,90.3
2024_PHR1_BRFSS_Summary_Tables.xlsx,Age,18 to 29,136,NO,89.1,78.2,94.9
2024_PHR1_BRFSS_Summary_Tables.xlsx,Age,30 to 44,221,NO,74.8,59.2,85.8
2024_PHR1_BRFSS_Summary_Tables.xlsx,Age,45 to 64,283,NO,69.5,55.1,81.0
2024_PHR1_BRFSS_Summary_Tables.xlsx,Age,65+,329,NO,91.7,78.0,97.2
2024_PHR1_BRFSS_Summary_Tables.xlsx,Education,Less than high school,76,NO,51.0,30.1,71.6
2024_PHR1_BRFSS_Summary_Tables.xlsx,Education,High school graduate,249,NO,83.3,72.6,90.4
2024_PHR1_BRFSS_Summary_Tables.xlsx,Education,Some college,279,NO,78.7,62.6,89.1
2024_PHR1_BRFSS_Summary_Tables.xlsx,Education,College graduate,370,NO,89.8,80.9,94.8
2024_PHR1_BRFSS_Summary_Tables.xlsx,Income,"<$25,000",129,NO,69.2,48.3,84.4
2024_PHR1_BRFSS_Summary_Tables.xlsx,Income,"$25,000 to <$50,000",215,NO,71.4,53.3,84.5
2024_PHR1_BRFSS_Summary_Tables.xlsx,Income,"$50,000+",454,NO,92.6,86.3,96.2
2024_PHR1_BRFSS_Summary_Tables.xlsx,Marital Status,Married,504,NO,78.8,67.4,87.0
2024_PHR1_BRFSS_Summary_Tables.xlsx,Marital Status,Not married,468,NO,81.5,73.0,87.8
2024_PHR1_BRFSS_Summary_Tables.xlsx,Employment Status,Employed,527,NO,79.6,69.7,86.8
2024_PHR1_BRFSS_Summary_Tables.xlsx,Employment Status,Not employed,431,NO,79.0,67.2,87.4
2024_PHR1_BRFSS_Summary_Tables.xlsx,Health Insurance,Health insurance,843,NO,84.7,77.4,90.0
2024_PHR1_BRFSS_Summary_Tables.xlsx,Health Insurance,No health insurance,89,NO,49.3,27.1,71.8
2024_PHR1_BRFSS_Summary_Tables.xlsx,Disability Status,Has disability,295,NO,70.6,56.2,81.8
2024_PHR1_BRFSS_Summary_Tables.xlsx,Disability Status,No disability,618,NO,84.6,75.4,90.8
2024_PHR1_BRFSS_Summary_Tables.xlsx,Sexual Orientation,"Gay, Lesbian, or Bisexual",N,NO,,,
2024_PHR1_BRFSS_Summary_Tables.xlsx,Sexual Orientation,Straight,850,NO,83.0,75.8,88.5
2024_PHR2_BRFSS_Summary_Tables.xlsx,Total,Total,944,YES,20.9,14.2,29.7
2024_PHR2_BRFSS_Summary_Tables.xlsx,Sex,Male,458,YES,,,
2024_PHR2_BRFSS_Summary_Tables.xlsx,Sex,Female,486,YES,21.9,13.6,33.3
2024_PHR2_BRFSS_Summary_Tables.xlsx,Race/Ethnicity,"White, Non-Hispanic",707,YES,14.3,8.6,22.8
2024_PHR2_BRFSS_Summary_Tables.xlsx,Race/Ethnicity,"Black, Non-Hispanic",55,YES,,,
2024_PHR2_BRFSS_Summary_Tables.xlsx,Race/Ethnicity,Hispanic,115,YES,38.8,19.9,61.8
2024_PHR2_BRFSS_Summary_Tables.xlsx,Race/Ethnicity,"Other/Multiracial, Non-Hispanic",N,YES,,,
2024_PHR2_BRFSS_Summary_Tables.xlsx,Age,18 to 29,118,YES,,,
2024_PHR2_BRFSS_Summary_Tables.xlsx,Age,30 to 44,183,YES,26.5,14.6,43.1
2024_PHR2_BRFSS_Summary_Tables.xlsx,Age,45 to 64,287,YES,,,
2024_PHR2_BRFSS_Summary_Tables.xlsx,Age,65+,346,YES,,,
2024_PHR2_BRFSS_Summary_Tables.xlsx,Education,Less than high school,67,YES,45.4,23.4,69.3
2024_PHR2_BRFSS_Summary_Tables.xlsx,Education,High school graduate,251,YES,25.1,13.6,41.8
2024_PHR2_BRFSS_Summary_Tables.xlsx,Education,Some college,289,YES,13.9,9.2,20.4
2024_PHR2_BRFSS_Summary_Tables.xlsx,Education,College graduate,334,YES,4.0,2.3,7.0
2024_PHR2_BRFSS_Summary_Tables.xlsx,Income,"<$25,000",144,YES,44.6,25.1,65.9
2024_PHR2_BRFSS_Summary_Tables.xlsx,Income,"$25,000 to <$50,000",192,YES,,,
2024_PHR2_BRFSS_Summary_Tables.xlsx,Income,"$50,000+",449,YES,6.2,3.9,9.6
2024_PHR2_BRFSS_Summary_Tables.xlsx,Marital Status,Married,508,YES,,,
2024_PHR2_BRFSS_Summary_Tables.xlsx,Marital Status,Not married,433,YES,27.1,17.4,39.6
2024_PHR2_BRFSS_Summary_Tables.xlsx,Employment Status,Employed,459,YES,20.3,12.5,31.3
2024_PHR2_BRFSS_Summary_Tables.xlsx,Employment Status,Not employed,472,YES,21.6,11.7,36.6
2024_PHR2_BRFSS_Summary_Tables.xlsx,Health Insurance,Health insurance,833,YES,15.9,9.3,25.8
2024_PHR2_BRFSS_Summary_Tables.xlsx,Health Insurance,No health insurance,69,YES,60.0,39.0,77.9
2024_PHR2_BRFSS_Summary_Tables.xlsx,Disability Status,Has disability,330,YES,32.1,18.6,49.4
2024_PHR2_BRFSS_Summary_Tables.xlsx,Disability Status,No disability,554,YES,14.5,9.2,22.2
2024_PHR2_BRFSS_Summary_Tables.xlsx,Sexual Orientation,"Gay, Lesbian, or Bisexual",N,YES,,,
2024_PHR2_BRFSS_Summary_Tables.xlsx,Sexual Orientation,Straight,826,YES,19.2,12.2,29.0
2024_PHR2_BRFSS_Summary_Tables.xlsx,Total,Total,944,NO,79.1,70.3,85.8
2024_PHR2_BRFSS_Summary_Tables.xlsx,Sex,Male,458,NO,80.0,65.4,89.5
2024_PHR2_BRFSS_Summary_Tables.xlsx,Sex,Female,486,NO,78.1,66.7,86.4
2024_PHR2_BRFSS_Summary_Tables.xlsx,Race/Ethnicity,"White, Non-Hispanic",707,NO,85.7,77.2,91.4
2024_PHR2_BRFSS_Summary_Tables.xlsx,Race/Ethnicity,"Black, Non-Hispanic",55,NO,87.9,69.4,95.9
2024_PHR2_BRFSS_Summary_Tables.xlsx,Race/Ethnicity,Hispanic,115,NO,61.2,38.2,80.1
2024_PHR2_BRFSS_Summary_Tables.xlsx,Race/Ethnicity,"Other/Multiracial, Non-Hispanic",N,NO,,,
2024_PHR2_BRFSS_Summary_Tables.xlsx,Age,18 to 29,118,NO,67.9,43.6,85.3
2024_PHR2_BRFSS_Summary_Tables.xlsx,Age,30 to 44,183,NO,73.5,56.9,85.4
2024_PHR2_BRFSS_Summary_Tables.xlsx,Age,45 to 64,287,NO,72.3,53.3,85.6
2024_PHR2_BRFSS_Summary_Tables.xlsx,Age,65+,346,NO,95.9,86.0,98.9
2024_PHR2_BRFSS_Summary_Tables.xlsx,Education,Less than high school,67,NO,54.6,30.7,76.6
2024_PHR2_BRFSS_Summary_Tables.xlsx,Education,High school graduate,251,NO,74.9,58.2,86.4
2024_PHR2_BRFSS_Summary_Tables.xlsx,Education,Some college,289,NO,86.1,79.6,90.8
2024_PHR2_BRFSS_Summary_Tables.xlsx,Education,College graduate,334,NO,96.0,93.0,97.7
2024_PHR2_BRFSS_Summary_Tables.xlsx,Income,"<$25,000",144,NO,55.4,34.1,74.9
2024_PHR2_BRFSS_Summary_Tables.xlsx,Income,"$25,000 to <$50,000",192,NO,78.0,58.0,90.1
2024_PHR2_BRFSS_Summary_Tables.xlsx,Income,"$50,000+",449,NO,93.8,90.4,96.1
2024_PHR2_BRFSS_Summary_Tables.xlsx,Marital Status,Married,508,NO,83.5,70.1,91.6
2024_PHR2_BRFSS_Summary_Tables.xlsx,Marital Status,Not married,433,NO,72.9,60.4,82.6
2024_PHR2_BRFSS_Summary_Tables.xlsx,Employment Status,Employed,459,NO,79.7,68.7,87.5
2024_PHR2_BRFSS_Summary_Tables.xlsx,Employment Status,Not employed,472,NO,78.4,63.4,88.3
2024_PHR2_BRFSS_Summary_Tables.xlsx,Health Insurance,Health insurance,833,NO,84.1,74.2,90.7
2024_PHR2_BRFSS_Summary_Tables.xlsx,Health Insurance,No health insurance,69,NO,40.0,22.1,61.0
2024_PHR2_BRFSS_Summary_Tables.xlsx,Disability Status,Has disability,330,NO,67.9,50.6,81.4
2024_PHR2_BRFSS_Summary_Tables.xlsx,Disability Status,No disability,554,NO,85.5,77.8,90.8
2024_PHR2_BRFSS_Summary_Tables.xlsx,Sexual Orientation,"Gay, Lesbian, or Bisexual",N,NO,,,
2024_PHR2_BRFSS_Summary_Tables.xlsx,Sexual Orientation,Straight,826,NO,80.8,71.0,87.8
2024_PHR3_BRFSS_Summary_Tables.xlsx,Total,Total,"2,660",YES,16.6,14.6,18.8
2024_PHR3_BRFSS_Summary_Tables.xlsx,Sex,Male,"1,362",YES,13.5,10.9,16.5
2024_PHR3_BRFSS_Summary_Tables.xlsx,Sex,Female,"1,298",YES,19.6,16.7,22.9
2024_PHR3_BRFSS_Summary_Tables.xlsx,Race/Ethnicity,"White, Non-Hispanic","1,597",YES,12.8,10.7,15.3
2024_PHR3_BRFSS_Summary_Tables.xlsx,Race/Ethnicity,"Black, Non-Hispanic",295,YES,18.2,13.3,24.5
2024_PHR3_BRFSS_Summary_Tables.xlsx,Race/Ethnicity,Hispanic,424,YES,23.3,18.3,29.2
2024_PHR3_BRFSS_Summary_Tables.xlsx,Race/Ethnicity,"Other/Multiracial, Non-Hispanic",289,YES,12.1,8.5,17.1
2024_PHR3_BRFSS_Summary_Tables.xlsx,Age,18 to 29,472,YES,17.3,13.4,22.1
2024_PHR3_BRFSS_Summary_Tables.xlsx,Age,30 to 44,670,YES,21.0,17.0,25.7
2024_PHR3_BRFSS_Summary_Tables.xlsx,Age,45 to 64,784,YES,18.4,14.5,22.9
2024_PHR3_BRFSS_Summary_Tables.xlsx,Age,65+,694,YES,5.4,3.5,8.4
2024_PHR3_BRFSS_Summary_Tables.xlsx,Education,Less than high school,134,YES,28.2,19.1,39.5
2024_PHR3_BRFSS_Summary_Tables.xlsx,Education,High school graduate,580,YES,18.8,14.8,23.5
2024_PHR3_BRFSS_Summary_Tables.xlsx,Education,Some college,712,YES,19.2,15.5,23.4
2024_PHR3_BRFSS_Summary_Tables.xlsx,Education,College graduate,"1,221",YES,8.7,6.9,10.8
2024_PHR3_BRFSS_Summary_Tables.xlsx,Income,"<$25,000",247,YES,32.9,24.6,42.5
2024_PHR3_BRFSS_Summary_Tables.xlsx,Income,"$25,000 to <$50,000",473,YES,22.8,17.7,28.8
2024_PHR3_BRFSS_Summary_Tables.xlsx,Income,"$50,000+","1,415",YES,11.3,9.1,14.0
2024_PHR3_BRFSS_Summary_Tables.xlsx,Marital Status,Married,"1,362",YES,11.7,9.3,14.6
2024_PHR3_BRFSS_Summary_Tables.xlsx,Marital Status,Not married,"1,272",YES,21.7,18.5,25.1
2024_PHR3_BRFSS_Summary_Tables.xlsx,Employment Status,Employed,"1,504",YES,14.9,12.6,17.6
2024_PHR3_BRFSS_Summary_Tables.xlsx,Employment Status,Not employed,"1,096",YES,17.8,14.4,21.8
2024_PHR3_BRFSS_Summary_Tables.xlsx,Health Insurance,Health insurance,"2,263",YES,12.7,10.8,14.8
2024_PHR3_BRFSS_Summary_Tables.xlsx,Health Insurance,No health insurance,275,YES,42.5,34.5,51.0
2024_PHR3_BRFSS_Summary_Tables.xlsx,Disability Status,Has disability,730,YES,28.8,24.0,34.1
2024_PHR3_BRFSS_Summary_Tables.xlsx,Disability Status,No disability,"1,749",YES,11.6,9.7,13.9
2024_PHR3_BRFSS_Summary_Tables.xlsx,Sexual Orientation,"Gay, Lesbian, or Bisexual",159,YES,26.6,18.6,36.5
2024_PHR3_BRFSS_Summary_Tables.xlsx,Sexual Orientation,Straight,"2,044",YES,13.7,11.7,16.0
2024_PHR3_BRFSS_Summary_Tables.xlsx,Total,Total,"2,660",NO,83.4,81.2,85.4
2024_PHR3_BRFSS_Summary_Tables.xlsx,Sex,Male,"1,362",NO,86.5,83.5,89.1
2024_PHR3_BRFSS_Summary_Tables.xlsx,Sex,Female,"1,298",NO,80.4,77.1,83.3
2024_PHR3_BRFSS_Summary_Tables.xlsx,Race/Ethnicity,"White, Non-Hispanic","1,597",NO,87.2,84.7,89.3
2024_PHR3_BRFSS_Summary_Tables.xlsx,Race/Ethnicity,"Black, Non-Hispanic",295,NO,81.8,75.5,86.7
2024_PHR3_BRFSS_Summary_Tables.xlsx,Race/Ethnicity,Hispanic,424,NO,76.7,70.8,81.7
2024_PHR3_BRFSS_Summary_Tables.xlsx,Race/Ethnicity,"Other/Multiracial, Non-Hispanic",289,NO,87.9,82.9,91.5
2024_PHR3_BRFSS_Summary_Tables.xlsx,Age,18 to 29,472,NO,82.7,77.9,86.6
2024_PHR3_BRFSS_Summary_Tables.xlsx,Age,30 to 44,670,NO,79.0,74.3,83.0
2024_PHR3_BRFSS_Summary_Tables.xlsx,Age,45 to 64,784,NO,81.6,77.1,85.5
2024_PHR3_BRFSS_Summary_Tables.xlsx,Age,65+,694,NO,94.6,91.6,96.5
2024_PHR3_BRFSS_Summary_Tables.xlsx,Education,Less than high school,134,NO,71.8,60.5,80.9
2024_PHR3_BRFSS_Summary_Tables.xlsx,Education,High school graduate,580,NO,81.2,76.5,85.2
2024_PHR3_BRFSS_Summary_Tables.xlsx,Education,Some college,712,NO,80.8,76.6,84.5
2024_PHR3_BRFSS_Summary_Tables.xlsx,Education,College graduate,"1,221",NO,91.3,89.2,93.1
2024_PHR3_BRFSS_Summary_Tables.xlsx,Income,"<$25,000",247,NO,67.1,57.5,75.4
2024_PHR3_BRFSS_Summary_Tables.xlsx,Income,"$25,000 to <$50,000",473,NO,77.2,71.2,82.3
2024_PHR3_BRFSS_Summary_Tables.xlsx,Income,"$50,000+","1,415",NO,88.7,86.0,90.9
2024_PHR3_BRFSS_Summary_Tables.xlsx,Marital Status,Married,"1,362",NO,88.3,85.4,90.7
2024_PHR3_BRFSS_Summary_Tables.xlsx,Marital Status,Not married,"1,272",NO,78.3,74.9,81.5
2024_PHR3_BRFSS_Summary_Tables.xlsx,Employment Status,Employed,"1,504",NO,85.1,82.4,87.4
2024_PHR3_BRFSS_Summary_Tables.xlsx,Employment Status,Not employed,"1,096",NO,82.2,78.2,85.6
2024_PHR3_BRFSS_Summary_Tables.xlsx,Health Insurance,Health insurance,"2,263",NO,87.3,85.2,89.2
2024_PHR3_BRFSS_Summary_Tables.xlsx,Health Insurance,No health insurance,275,NO,57.5,49.0,65.5
2024_PHR3_BRFSS_Summary_Tables.xlsx,Disability Status,Has disability,730,NO,71.2,65.9,76.0
2024_PHR3_BRFSS_Summary_Tables.xlsx,Disability Status,No disability,"1,749",NO,88.4,86.1,90.3
2024_PHR3_BRFSS_Summary_Tables.xlsx,Sexual Orientation,"Gay, Lesbian, or Bisexual",159,NO,73.4,63.5,81.4
2024_PHR3_BRFSS_Summary_Tables.xlsx,Sexual Orientation,Straight,"2,044",NO,86.3,84.0,88.3
2024_PHR4_BRFSS_Summary_Tables.xlsx,Total,Total,253,YES,21.6,14.9,30.2
2024_PHR4_BRFSS_Summary_Tables.xlsx,Sex,Male,124,YES,21.0,12.7,32.8
2024_PHR4_BRFSS_Summary_Tables.xlsx,Sex,Female,129,YES,22.0,12.7,35.4
2024_PHR4_BRFSS_Summary_Tables.xlsx,Race/Ethnicity,"White, Non-Hispanic",178,YES,15.9,9.8,24.8
2024_PHR4_BRFSS_Summary_Tables.xlsx,Race/Ethnicity,"Black, Non-Hispanic",N,YES,,,
2024_PHR4_BRFSS_Summary_Tables.xlsx,Race/Ethnicity,Hispanic,N,YES,,,
2024_PHR4_BRFSS_Summary_Tables.xlsx,Race/Ethnicity,"Other/Multiracial, Non-Hispanic",N,YES,,,
2024_PHR4_BRFSS_Summary_Tables.xlsx,Age,18 to 29,N,YES,,,
2024_PHR4_BRFSS_Summary_Tables.xlsx,Age,30 to 44,52,YES,21.6,12.1,35.6
2024_PHR4_BRFSS_Summary_Tables.xlsx,Age,45 to 64,79,YES,18.6,10.7,30.4
2024_PHR4_BRFSS_Summary_Tables.xlsx,Age,65+,99,YES,,,
2024_PHR4_BRFSS_Summary_Tables.xlsx,Education,Less than high school,N,YES,,,
2024_PHR4_BRFSS_Summary_Tables.xlsx,Education,High school graduate,87,YES,20.3,10.9,34.8
2024_PHR4_BRFSS_Summary_Tables.xlsx,Education,Some college,78,YES,16.8,9.5,28.0
2024_PHR4_BRFSS_Summary_Tables.xlsx,Education,College graduate,69,YES,,,
2024_PHR4_BRFSS_Summary_Tables.xlsx,Income,"<$25,000",N,YES,,,
2024_PHR4_BRFSS_Summary_Tables.xlsx,Income,"$25,000 to <$50,000",65,YES,34.1,18.5,54.1
2024_PHR4_BRFSS_Summary_Tables.xlsx,Income,"$50,000+",90,YES,,,
2024_PHR4_BRFSS_Summary_Tables.xlsx,Marital Status,Married,121,YES,17.1,9.9,27.9
2024_PHR4_BRFSS_Summary_Tables.xlsx,Marital Status,Not married,132,YES,26.6,16.1,40.6
2024_PHR4_BRFSS_Summary_Tables.xlsx,Employment Status,Employed,103,YES,22.5,14.1,33.9
2024_PHR4_BRFSS_Summary_Tables.xlsx,Employment Status,Not employed,143,YES,21.1,11.4,35.8
2024_PHR4_BRFSS_Summary_Tables.xlsx,Health Insurance,Health insurance,216,YES,22.2,14.4,32.5
2024_PHR4_BRFSS_Summary_Tables.xlsx,Health Insurance,No health insurance,N,YES,,,
2024_PHR4_BRFSS_Summary_Tables.xlsx,Disability Status,Has disability,83,YES,35.8,20.8,54.2
2024_PHR4_BRFSS_Summary_Tables.xlsx,Disability Status,No disability,151,YES,15.9,9.3,26.0
2024_PHR4_BRFSS_Summary_Tables.xlsx,Sexual Orientation,"Gay, Lesbian, or Bisexual",N,YES,,,
2024_PHR4_BRFSS_Summary_Tables.xlsx,Sexual Orientation,Straight,184,YES,19.5,12.9,28.5
2024_PHR4_BRFSS_Summary_Tables.xlsx,Total,Total,253,NO,78.4,69.8,85.1
2024_PHR4_BRFSS_Summary_Tables.xlsx,Sex,Male,124,NO,79.0,67.2,87.3
2024_PHR4_BRFSS_Summary_Tables.xlsx,Sex,Female,129,NO,78.0,64.6,87.3
2024_PHR4_BRFSS_Summary_Tables.xlsx,Race/Ethnicity,"White, Non-Hispanic",178,NO,84.1,75.2,90.2
2024_PHR4_BRFSS_Summary_Tables.xlsx,Race/Ethnicity,"Black, Non-Hispanic",N,NO,,,
2024_PHR4_BRFSS_Summary_Tables.xlsx,Race/Ethnicity,Hispanic,N,NO,,,
2024_PHR4_BRFSS_Summary_Tables.xlsx,Race/Ethnicity,"Other/Multiracial, Non-Hispanic",N,NO,,,
2024_PHR4_BRFSS_Summary_Tables.xlsx,Age,18 to 29,N,NO,,,
2024_PHR4_BRFSS_Summary_Tables.xlsx,Age,30 to 44,52,NO,78.4,64.4,87.9
2024_PHR4_BRFSS_Summary_Tables.xlsx,Age,45 to 64,79,NO,81.4,69.6,89.3
2024_PHR4_BRFSS_Summary_Tables.xlsx,Age,65+,99,NO,91.2,80.4,96.3
2024_PHR4_BRFSS_Summary_Tables.xlsx,Education,Less than high school,N,NO,,,
2024_PHR4_BRFSS_Summary_Tables.xlsx,Education,High school graduate,87,NO,79.7,65.2,89.1
2024_PHR4_BRFSS_Summary_Tables.xlsx,Education,Some college,78,NO,83.2,72.0,90.5
2024_PHR4_BRFSS_Summary_Tables.xlsx,Education,College graduate,69,NO,84.0,70.8,91.9
2024_PHR4_BRFSS_Summary_Tables.xlsx,Income,"<$25,000",N,NO,,,
2024_PHR4_BRFSS_Summary_Tables.xlsx,Income,"$25,000 to <$50,000",65,NO,65.9,45.9,81.5
2024_PHR4_BRFSS_Summary_Tables.xlsx,Income,"$50,000+",90,NO,91.7,83.5,96.0
2024_PHR4_BRFSS_Summary_Tables.xlsx,Marital Status,Married,121,NO,82.9,72.1,90.1
2024_PHR4_BRFSS_Summary_Tables.xlsx,Marital Status,Not married,132,NO,73.4,59.4,83.9
2024_PHR4_BRFSS_Summary_Tables.xlsx,Employment Status,Employed,103,NO,77.5,66.1,85.9
2024_PHR4_BRFSS_Summary_Tables.xlsx,Employment Status,Not employed,143,NO,78.9,64.2,88.6
2024_PHR4_BRFSS_Summary_Tables.xlsx,Health Insurance,Health insurance,216,NO,77.8,67.5,85.6
2024_PHR4_BRFSS_Summary_Tables.xlsx,Health Insurance,No health insurance,N,NO,,,
2024_PHR4_BRFSS_Summary_Tables.xlsx,Disability Status,Has disability,83,NO,64.2,45.8,79.2
2024_PHR4_BRFSS_Summary_Tables.xlsx,Disability Status,No disability,151,NO,84.1,74.0,90.7
2024_PHR4_BRFSS_Summary_Tables.xlsx,Sexual Orientation,"Gay, Lesbian, or Bisexual",N,NO,,,
2024_PHR4_BRFSS_Summary_Tables.xlsx,Sexual Orientation,Straight,184,NO,80.5,71.5,87.1
2024_PHR5_BRFSS_Summary_Tables.xlsx,Total,Total,590,YES,18.1,12.3,25.9
2024_PHR5_BRFSS_Summary_Tables.xlsx,Sex,Male,280,YES,13.2,7.3,22.9
2024_PHR5_BRFSS_Summary_Tables.xlsx,Sex,Female,310,YES,24.0,14.6,36.8
2024_PHR5_BRFSS_Summary_Tables.xlsx,Race/Ethnicity,"White, Non-Hispanic",379,YES,19.2,10.8,31.8
2024_PHR5_BRFSS_Summary_Tables.xlsx,Race/Ethnicity,"Black, Non-Hispanic",91,YES,,,
2024_PHR5_BRFSS_Summary_Tables.xlsx,Race/Ethnicity,Hispanic,73,YES,,,
2024_PHR5_BRFSS_Summary_Tables.xlsx,Race/Ethnicity,"Other/Multiracial, Non-Hispanic",N,YES,,,
2024_PHR5_BRFSS_Summary_Tables.xlsx,Age,18 to 29,67,YES,,,
2024_PHR5_BRFSS_Summary_Tables.xlsx,Age,30 to 44,99,YES,,,
2024_PHR5_BRFSS_Summary_Tables.xlsx,Age,45 to 64,179,YES,18.6,10.9,30.1
2024_PHR5_BRFSS_Summary_Tables.xlsx,Age,65+,237,YES,,,
2024_PHR5_BRFSS_Summary_Tables.xlsx,Education,Less than high school,N,YES,,,
2024_PHR5_BRFSS_Summary_Tables.xlsx,Education,High school graduate,184,YES,,,
2024_PHR5_BRFSS_Summary_Tables.xlsx,Education,Some college,186,YES,,,
2024_PHR5_BRFSS_Summary_Tables.xlsx,Education,College graduate,173,YES,,,
2024_PHR5_BRFSS_Summary_Tables.xlsx,Income,"<$25,000",97,YES,37.4,20.0,58.7
2024_PHR5_BRFSS_Summary_Tables.xlsx,Income,"$25,000 to <$50,000",132,YES,,,
2024_PHR5_BRFSS_Summary_Tables.xlsx,Income,"$50,000+",238,YES,,,
2024_PHR5_BRFSS_Summary_Tables.xlsx,Marital Status,Married,265,YES,19.2,10.7,32.0
2024_PHR5_BRFSS_Summary_Tables.xlsx,Marital Status,Not married,321,YES,17.1,10.0,27.7
2024_PHR5_BRFSS_Summary_Tables.xlsx,Employment Status,Employed,252,YES,22.4,13.7,34.3
2024_PHR5_BRFSS_Summary_Tables.xlsx,Employment Status,Not employed,326,YES,,,
2024_PHR5_BRFSS_Summary_Tables.xlsx,Health Insurance,Health insurance,512,YES,13.0,8.1,20.3
2024_PHR5_BRFSS_Summary_Tables.xlsx,Health Insurance,No health insurance,53,YES,44.6,22.9,68.7
2024_PHR5_BRFSS_Summary_Tables.xlsx,Disability Status,Has disability,206,YES,28.4,16.7,44.0
2024_PHR5_BRFSS_Summary_Tables.xlsx,Disability Status,No disability,352,YES,13.3,7.2,23.0
2024_PHR5_BRFSS_Summary_Tables.xlsx,Sexual Orientation,"Gay, Lesbian, or Bisexual",N,YES,,,
2024_PHR5_BRFSS_Summary_Tables.xlsx,Sexual Orientation,Straight,495,YES,18.2,11.6,27.4
2024_PHR5_BRFSS_Summary_Tables.xlsx,Total,Total,590,NO,81.9,74.1,87.7
2024_PHR5_BRFSS_Summary_Tables.xlsx,Sex,Male,280,NO,86.8,77.1,92.7
2024_PHR5_BRFSS_Summary_Tables.xlsx,Sex,Female,310,NO,76.0,63.2,85.4
2024_PHR5_BRFSS_Summary_Tables.xlsx,Race/Ethnicity,"White, Non-Hispanic",379,NO,80.8,68.2,89.2
2024_PHR5_BRFSS_Summary_Tables.xlsx,Race/Ethnicity,"Black, Non-Hispanic",91,NO,81.8,64.4,91.7
2024_PHR5_BRFSS_Summary_Tables.xlsx,Race/Ethnicity,Hispanic,73,NO,86.2,69.1,94.6
2024_PHR5_BRFSS_Summary_Tables.xlsx,Race/Ethnicity,"Other/Multiracial, Non-Hispanic",N,NO,,,
2024_PHR5_BRFSS_Summary_Tables.xlsx,Age,18 to 29,67,NO,83.5,65.7,93.0
2024_PHR5_BRFSS_Summary_Tables.xlsx,Age,30 to 44,99,NO,64.6,42.1,82.1
2024_PHR5_BRFSS_Summary_Tables.xlsx,Age,45 to 64,179,NO,81.4,69.9,89.1
2024_PHR5_BRFSS_Summary_Tables.xlsx,Age,65+,237,NO,94.1,82.5,98.2
2024_PHR5_BRFSS_Summary_Tables.xlsx,Education,Less than high school,N,NO,,,
2024_PHR5_BRFSS_Summary_Tables.xlsx,Education,High school graduate,184,NO,83.8,68.8,92.4
2024_PHR5_BRFSS_Summary_Tables.xlsx,Education,Some college,186,NO,83.8,69.1,92.3
2024_PHR5_BRFSS_Summary_Tables.xlsx,Education,College graduate,173,NO,92.5,83.4,96.8
2024_PHR5_BRFSS_Summary_Tables.xlsx,Income,"<$25,000",97,NO,62.6,41.3,80.0
2024_PHR5_BRFSS_Summary_Tables.xlsx,Income,"$25,000 to <$50,000",132,NO,91.5,84.2,95.6
2024_PHR5_BRFSS_Summary_Tables.xlsx,Income,"$50,000+",238,NO,84.0,69.5,92.4
2024_PHR5_BRFSS_Summary_Tables.xlsx,Marital Status,Married,265,NO,80.8,68.0,89.3
2024_PHR5_BRFSS_Summary_Tables.xlsx,Marital Status,Not married,321,NO,82.9,72.3,90.0
2024_PHR5_BRFSS_Summary_Tables.xlsx,Employment Status,Employed,252,NO,77.6,65.7,86.3
2024_PHR5_BRFSS_Summary_Tables.xlsx,Employment Status,Not employed,326,NO,86.6,74.7,93.3
2024_PHR5_BRFSS_Summary_Tables.xlsx,Health Insurance,Health insurance,512,NO,87.0,79.7,91.9
2024_PHR5_BRFSS_Summary_Tables.xlsx,Health Insurance,No health insurance,53,NO,55.4,31.3,77.1
2024_PHR5_BRFSS_Summary_Tables.xlsx,Disability Status,Has disability,206,NO,71.6,56.0,83.3
2024_PHR5_BRFSS_Summary_Tables.xlsx,Disability Status,No disability,352,NO,86.7,77.0,92.8
2024_PHR5_BRFSS_Summary_Tables.xlsx,Sexual Orientation,"Gay, Lesbian, or Bisexual",N,NO,,,
2024_PHR5_BRFSS_Summary_Tables.xlsx,Sexual Orientation,Straight,495,NO,81.8,72.6,88.4
2024_PHR6_BRFSS_Summary_Tables.xlsx,Total,Total,"1,675",YES,17.3,14.0,21.2
2024_PHR6_BRFSS_Summary_Tables.xlsx,Sex,Male,881,YES,14.2,10.3,19.2
2024_PHR6_BRFSS_Summary_Tables.xlsx,Sex,Female,794,YES,20.3,15.2,26.5
2024_PHR6_BRFSS_Summary_Tables.xlsx,Race/Ethnicity,"White, Non-Hispanic",915,YES,9.8,6.4,14.6
2024_PHR6_BRFSS_Summary_Tables.xlsx,Race/Ethnicity,"Black, Non-Hispanic",195,YES,21.1,12.6,33.2
2024_PHR6_BRFSS_Summary_Tables.xlsx,Race/Ethnicity,Hispanic,383,YES,25.0,18.6,32.7
2024_PHR6_BRFSS_Summary_Tables.xlsx,Race/Ethnicity,"Other/Multiracial, Non-Hispanic",148,YES,,,
2024_PHR6_BRFSS_Summary_Tables.xlsx,Age,18 to 29,311,YES,15.2,10.1,22.3
2024_PHR6_BRFSS_Summary_Tables.xlsx,Age,30 to 44,391,YES,29.1,21.5,38.0
2024_PHR6_BRFSS_Summary_Tables.xlsx,Age,45 to 64,507,YES,16.2,10.4,24.4
2024_PHR6_BRFSS_Summary_Tables.xlsx,Age,65+,448,YES,,,
2024_PHR6_BRFSS_Summary_Tables.xlsx,Education,Less than high school,126,YES,26.7,15.6,41.9
2024_PHR6_BRFSS_Summary_Tables.xlsx,Education,High school graduate,371,YES,20.3,13.8,28.8
2024_PHR6_BRFSS_Summary_Tables.xlsx,Education,Some college,399,YES,20.4,13.8,29.1
2024_PHR6_BRFSS_Summary_Tables.xlsx,Education,College graduate,768,YES,8.2,5.2,12.8
2024_PHR6_BRFSS_Summary_Tables.xlsx,Income,"<$25,000",187,YES,38.8,26.6,52.5
2024_PHR6_BRFSS_Summary_Tables.xlsx,Income,"$25,000 to <$50,000",329,YES,24.5,16.4,34.9
2024_PHR6_BRFSS_Summary_Tables.xlsx,Income,"$50,000+",830,YES,10.5,6.9,15.6
2024_PHR6_BRFSS_Summary_Tables.xlsx,Marital Status,Married,792,YES,14.5,9.9,20.6
2024_PHR6_BRFSS_Summary_Tables.xlsx,Marital Status,Not married,860,YES,20.3,15.7,25.8
2024_PHR6_BRFSS_Summary_Tables.xlsx,Employment Status,Employed,923,YES,17.1,12.8,22.5
2024_PHR6_BRFSS_Summary_Tables.xlsx,Employment Status,Not employed,729,YES,16.8,11.9,23.0
2024_PHR6_BRFSS_Summary_Tables.xlsx,Health Insurance,Health insurance,"1,387",YES,9.5,6.9,12.9
2024_PHR6_BRFSS_Summary_Tables.xlsx,Health Insurance,No health insurance,206,YES,54.0,42.6,65.0
2024_PHR6_BRFSS_Summary_Tables.xlsx,Disability Status,Has disability,474,YES,28.2,20.7,37.1
2024_PHR6_BRFSS_Summary_Tables.xlsx,Disability Status,No disability,"1,103",YES,12.6,9.1,17.3
2024_PHR6_BRFSS_Summary_Tables.xlsx,Sexual Orientation,"Gay, Lesbian, or Bisexual",92,YES,,,
2024_PHR6_BRFSS_Summary_Tables.xlsx,Sexual Orientation,Straight,"1,254",YES,12.9,9.1,17.9
2024_PHR6_BRFSS_Summary_Tables.xlsx,Total,Total,"1,675",NO,82.7,78.8,86.0
2024_PHR6_BRFSS_Summary_Tables.xlsx,Sex,Male,881,NO,85.8,80.8,89.7
2024_PHR6_BRFSS_Summary_Tables.xlsx,Sex,Female,794,NO,79.7,73.5,84.8
2024_PHR6_BRFSS_Summary_Tables.xlsx,Race/Ethnicity,"White, Non-Hispanic",915,NO,90.2,85.4,93.6
2024_PHR6_BRFSS_Summary_Tables.xlsx,Race/Ethnicity,"Black, Non-Hispanic",195,NO,78.9,66.8,87.4
2024_PHR6_BRFSS_Summary_Tables.xlsx,Race/Ethnicity,Hispanic,383,NO,75.0,67.3,81.4
2024_PHR6_BRFSS_Summary_Tables.xlsx,Race/Ethnicity,"Other/Multiracial, Non-Hispanic",148,NO,90.5,79.7,95.9
2024_PHR6_BRFSS_Summary_Tables.xlsx,Age,18 to 29,311,NO,84.8,77.7,89.9
2024_PHR6_BRFSS_Summary_Tables.xlsx,Age,30 to 44,391,NO,70.9,62.0,78.5
2024_PHR6_BRFSS_Summary_Tables.xlsx,Age,45 to 64,507,NO,83.8,75.6,89.6
2024_PHR6_BRFSS_Summary_Tables.xlsx,Age,65+,448,NO,95.8,91.7,97.9
2024_PHR6_BRFSS_Summary_Tables.xlsx,Education,Less than high school,126,NO,73.3,58.1,84.4
2024_PHR6_BRFSS_Summary_Tables.xlsx,Education,High school graduate,371,NO,79.7,71.2,86.2
2024_PHR6_BRFSS_Summary_Tables.xlsx,Education,Some college,399,NO,79.6,70.9,86.2
2024_PHR6_BRFSS_Summary_Tables.xlsx,Education,College graduate,768,NO,91.8,87.2,94.8
2024_PHR6_BRFSS_Summary_Tables.xlsx,Income,"<$25,000",187,NO,61.2,47.5,73.4
2024_PHR6_BRFSS_Summary_Tables.xlsx,Income,"$25,000 to <$50,000",329,NO,75.5,65.1,83.6
2024_PHR6_BRFSS_Summary_Tables.xlsx,Income,"$50,000+",830,NO,89.5,84.4,93.1
2024_PHR6_BRFSS_Summary_Tables.xlsx,Marital Status,Married,792,NO,85.5,79.4,90.1
2024_PHR6_BRFSS_Summary_Tables.xlsx,Marital Status,Not married,860,NO,79.7,74.2,84.3
2024_PHR6_BRFSS_Summary_Tables.xlsx,Employment Status,Employed,923,NO,82.9,77.5,87.2
2024_PHR6_BRFSS_Summary_Tables.xlsx,Employment Status,Not employed,729,NO,83.2,77.0,88.1
2024_PHR6_BRFSS_Summary_Tables.xlsx,Health Insurance,Health insurance,"1,387",NO,90.5,87.1,93.1
2024_PHR6_BRFSS_Summary_Tables.xlsx,Health Insurance,No health insurance,206,NO,46.0,35.0,57.4
2024_PHR6_BRFSS_Summary_Tables.xlsx,Disability Status,Has disability,474,NO,71.8,62.9,79.3
2024_PHR6_BRFSS_Summary_Tables.xlsx,Disability Status,No disability,"1,103",NO,87.4,82.7,90.9
2024_PHR6_BRFSS_Summary_Tables.xlsx,Sexual Orientation,"Gay, Lesbian, or Bisexual",92,NO,76.2,59.4,87.6
2024_PHR6_BRFSS_Summary_Tables.xlsx,Sexual Orientation,Straight,"1,254",NO,87.1,82.1,90.9
2024_PHR7_BRFSS_Summary_Tables.xlsx,Total,Total,"1,365",YES,13.0,10.6,16.0
2024_PHR7_BRFSS_Summary_Tables.xlsx,Sex,Male,685,YES,10.2,7.5,13.8
2024_PHR7_BRFSS_Summary_Tables.xlsx,Sex,Female,680,YES,15.5,11.7,20.3
2024_PHR7_BRFSS_Summary_Tables.xlsx,Race/Ethnicity,"White, Non-Hispanic",866,YES,9.1,6.9,12.0
2024_PHR7_BRFSS_Summary_Tables.xlsx,Race/Ethnicity,"Black, Non-Hispanic",86,YES,,,
2024_PHR7_BRFSS_Summary_Tables.xlsx,Race/Ethnicity,Hispanic,274,YES,18.5,13.4,24.8
2024_PHR7_BRFSS_Summary_Tables.xlsx,Race/Ethnicity,"Other/Multiracial, Non-Hispanic",107,YES,,,
2024_PHR7_BRFSS_Summary_Tables.xlsx,Age,18 to 29,276,YES,16.0,11.8,21.4
2024_PHR7_BRFSS_Summary_Tables.xlsx,Age,30 to 44,352,YES,18.2,12.2,26.4
2024_PHR7_BRFSS_Summary_Tables.xlsx,Age,45 to 64,380,YES,10.3,7.0,15.0
2024_PHR7_BRFSS_Summary_Tables.xlsx,Age,65+,336,YES,,,
2024_PHR7_BRFSS_Summary_Tables.xlsx,Education,Less than high school,71,YES,25.7,15.3,39.9
2024_PHR7_BRFSS_Summary_Tables.xlsx,Education,High school graduate,270,YES,15.4,9.6,23.9
2024_PHR7_BRFSS_Summary_Tables.xlsx,Education,Some college,336,YES,11.6,8.1,16.4
2024_PHR7_BRFSS_Summary_Tables.xlsx,Education,College graduate,682,YES,8.3,6.2,11.0
2024_PHR7_BRFSS_Summary_Tables.xlsx,Income,"<$25,000",125,YES,35.4,22.6,50.8
2024_PHR7_BRFSS_Summary_Tables.xlsx,Income,"$25,000 to <$50,000",226,YES,20.7,14.1,29.3
2024_PHR7_BRFSS_Summary_Tables.xlsx,Income,"$50,000+",764,YES,7.1,5.3,9.5
2024_PHR7_BRFSS_Summary_Tables.xlsx,Marital Status,Married,675,YES,9.7,7.0,13.3
2024_PHR7_BRFSS_Summary_Tables.xlsx,Marital Status,Not married,680,YES,16.5,12.4,21.5
2024_PHR7_BRFSS_Summary_Tables.xlsx,Employment Status,Employed,824,YES,11.8,9.5,14.5
2024_PHR7_BRFSS_Summary_Tables.xlsx,Employment Status,Not employed,519,YES,14.3,9.4,21.2
2024_PHR7_BRFSS_Summary_Tables.xlsx,Health Insurance,Health insurance,"1,204",YES,10.1,7.7,13.2
2024_PHR7_BRFSS_Summary_Tables.xlsx,Health Insurance,No health insurance,108,YES,39.6,28.1,52.3
2024_PHR7_BRFSS_Summary_Tables.xlsx,Disability Status,Has disability,348,YES,24.9,17.9,33.5
2024_PHR7_BRFSS_Summary_Tables.xlsx,Disability Status,No disability,924,YES,8.0,6.1,10.5
2024_PHR7_BRFSS_Summary_Tables.xlsx,Sexual Orientation,"Gay, Lesbian, or Bisexual",99,YES,14.9,8.6,24.8
2024_PHR7_BRFSS_Summary_Tables.xlsx,Sexual Orientation,Straight,992,YES,10.4,7.7,13.8
2024_PHR7_BRFSS_Summary_Tables.xlsx,Total,Total,"1,365",NO,87.0,84.0,89.4
2024_PHR7_BRFSS_Summary_Tables.xlsx,Sex,Male,685,NO,89.8,86.2,92.5
2024_PHR7_BRFSS_Summary_Tables.xlsx,Sex,Female,680,NO,84.5,79.7,88.3
2024_PHR7_BRFSS_Summary_Tables.xlsx,Race/Ethnicity,"White, Non-Hispanic",866,NO,90.9,88.0,93.1
2024_PHR7_BRFSS_Summary_Tables.xlsx,Race/Ethnicity,"Black, Non-Hispanic",86,NO,92.1,83.6,96.4
2024_PHR7_BRFSS_Summary_Tables.xlsx,Race/Ethnicity,Hispanic,274,NO,81.5,75.2,86.6
2024_PHR7_BRFSS_Summary_Tables.xlsx,Race/Ethnicity,"Other/Multiracial, Non-Hispanic",107,NO,77.5,59.8,88.9
2024_PHR7_BRFSS_Summary_Tables.xlsx,Age,18 to 29,276,NO,84.0,78.6,88.2
2024_PHR7_BRFSS_Summary_Tables.xlsx,Age,30 to 44,352,NO,81.8,73.6,87.8
2024_PHR7_BRFSS_Summary_Tables.xlsx,Age,45 to 64,380,NO,89.7,85.0,93.0
2024_PHR7_BRFSS_Summary_Tables.xlsx,Age,65+,336,NO,94.2,88.1,97.3
2024_PHR7_BRFSS_Summary_Tables.xlsx,Education,Less than high school,71,NO,74.3,60.1,84.7
2024_PHR7_BRFSS_Summary_Tables.xlsx,Education,High school graduate,270,NO,84.6,76.1,90.4
2024_PHR7_BRFSS_Summary_Tables.xlsx,Education,Some college,336,NO,88.4,83.6,91.9
2024_PHR7_BRFSS_Summary_Tables.xlsx,Education,College graduate,682,NO,91.7,89.0,93.8
2024_PHR7_BRFSS_Summary_Tables.xlsx,Income,"<$25,000",125,NO,64.6,49.2,77.4
2024_PHR7_BRFSS_Summary_Tables.xlsx,Income,"$25,000 to <$50,000",226,NO,79.3,70.7,85.9
2024_PHR7_BRFSS_Summary_Tables.xlsx,Income,"$50,000+",764,NO,92.9,90.5,94.7
2024_PHR7_BRFSS_Summary_Tables.xlsx,Marital Status,Married,675,NO,90.3,86.7,93.0
2024_PHR7_BRFSS_Summary_Tables.xlsx,Marital Status,Not married,680,NO,83.5,78.5,87.6
2024_PHR7_BRFSS_Summary_Tables.xlsx,Employment Status,Employed,824,NO,88.2,85.5,90.5
2024_PHR7_BRFSS_Summary_Tables.xlsx,Employment Status,Not employed,519,NO,85.7,78.8,90.6
2024_PHR7_BRFSS_Summary_Tables.xlsx,Health Insurance,Health insurance,"1,204",NO,89.9,86.8,92.3
2024_PHR7_BRFSS_Summary_Tables.xlsx,Health Insurance,No health insurance,108,NO,60.4,47.7,71.9
2024_PHR7_BRFSS_Summary_Tables.xlsx,Disability Status,Has disability,348,NO,75.1,66.5,82.1
2024_PHR7_BRFSS_Summary_Tables.xlsx,Disability Status,No disability,924,NO,92.0,89.5,93.9
2024_PHR7_BRFSS_Summary_Tables.xlsx,Sexual Orientation,"Gay, Lesbian, or Bisexual",99,NO,85.1,75.2,91.4
2024_PHR7_BRFSS_Summary_Tables.xlsx,Sexual Orientation,Straight,992,NO,89.6,86.2,92.3
2024_PHR8_BRFSS_Summary_Tables.xlsx,Total,Total,"1,440",YES,18.6,15.6,21.9
2024_PHR8_BRFSS_Summary_Tables.xlsx,Sex,Male,702,YES,14.4,10.5,19.5
2024_PHR8_BRFSS_Summary_Tables.xlsx,Sex,Female,738,YES,22.7,18.6,27.4
2024_PHR8_BRFSS_Summary_Tables.xlsx,Race/Ethnicity,"White, Non-Hispanic",766,YES,13.4,9.9,17.8
2024_PHR8_BRFSS_Summary_Tables.xlsx,Race/Ethnicity,"Black, Non-Hispanic",90,YES,,,
2024_PHR8_BRFSS_Summary_Tables.xlsx,Race/Ethnicity,Hispanic,466,YES,22.6,18.0,28.1
2024_PHR8_BRFSS_Summary_Tables.xlsx,Race/Ethnicity,"Other/Multiracial, Non-Hispanic",86,YES,,,
2024_PHR8_BRFSS_Summary_Tables.xlsx,Age,18 to 29,185,YES,19.3,12.9,27.8
2024_PHR8_BRFSS_Summary_Tables.xlsx,Age,30 to 44,340,YES,25.8,19.5,33.3
2024_PHR8_BRFSS_Summary_Tables.xlsx,Age,45 to 64,462,YES,21.1,15.9,27.4
2024_PHR8_BRFSS_Summary_Tables.xlsx,Age,65+,434,YES,3.4,1.9,5.9
2024_PHR8_BRFSS_Summary_Tables.xlsx,Education,Less than high school,84,YES,25.0,15.4,37.8
2024_PHR8_BRFSS_Summary_Tables.xlsx,Education,High school graduate,298,YES,22.1,16.1,29.6
2024_PHR8_BRFSS_Summary_Tables.xlsx,Education,Some college,384,YES,22.1,16.8,28.5
2024_PHR8_BRFSS_Summary_Tables.xlsx,Education,College graduate,670,YES,8.2,5.7,11.5
2024_PHR8_BRFSS_Summary_Tables.xlsx,Income,"<$25,000",139,YES,37.5,27.3,48.9
2024_PHR8_BRFSS_Summary_Tables.xlsx,Income,"$25,000 to <$50,000",269,YES,23.8,17.0,32.2
2024_PHR8_BRFSS_Summary_Tables.xlsx,Income,"$50,000+",776,YES,13.5,9.7,18.4
2024_PHR8_BRFSS_Summary_Tables.xlsx,Marital Status,Married,777,YES,16.2,12.3,21.2
2024_PHR8_BRFSS_Summary_Tables.xlsx,Marital Status,Not married,651,YES,21.2,17.1,26.1
2024_PHR8_BRFSS_Summary_Tables.xlsx,Employment Status,Employed,734,YES,19.8,15.9,24.4
2024_PHR8_BRFSS_Summary_Tables.xlsx,Employment Status,Not employed,670,YES,16.6,12.4,22.0
2024_PHR8_BRFSS_Summary_Tables.xlsx,Health Insurance,Health insurance,"1,263",YES,13.9,11.0,17.4
2024_PHR8_BRFSS_Summary_Tables.xlsx,Health Insurance,No health insurance,126,YES,50.6,39.4,61.8
2024_PHR8_BRFSS_Summary_Tables.xlsx,Disability Status,Has disability,431,YES,29.5,22.9,37.2
2024_PHR8_BRFSS_Summary_Tables.xlsx,Disability Status,No disability,934,YES,13.5,10.5,17.3
2024_PHR8_BRFSS_Summary_Tables.xlsx,Sexual Orientation,"Gay, Lesbian, or Bisexual",91,YES,18.9,10.1,32.4
2024_PHR8_BRFSS_Summary_Tables.xlsx,Sexual Orientation,Straight,"1,142",YES,17.7,14.4,21.6
2024_PHR8_BRFSS_Summary_Tables.xlsx,Total,Total,"1,440",NO,81.4,78.1,84.4
2024_PHR8_BRFSS_Summary_Tables.xlsx,Sex,Male,702,NO,85.6,80.5,89.5
2024_PHR8_BRFSS_Summary_Tables.xlsx,Sex,Female,738,NO,77.3,72.6,81.4
2024_PHR8_BRFSS_Summary_Tables.xlsx,Race/Ethnicity,"White, Non-Hispanic",766,NO,86.6,82.2,90.1
2024_PHR8_BRFSS_Summary_Tables.xlsx,Race/Ethnicity,"Black, Non-Hispanic",90,NO,91.1,82.8,95.6
2024_PHR8_BRFSS_Summary_Tables.xlsx,Race/Ethnicity,Hispanic,466,NO,77.4,71.9,82.0
2024_PHR8_BRFSS_Summary_Tables.xlsx,Race/Ethnicity,"Other/Multiracial, Non-Hispanic",86,NO,81.2,63.8,91.3
2024_PHR8_BRFSS_Summary_Tables.xlsx,Age,18 to 29,185,NO,80.7,72.2,87.1
2024_PHR8_BRFSS_Summary_Tables.xlsx,Age,30 to 44,340,NO,74.2,66.7,80.5
2024_PHR8_BRFSS_Summary_Tables.xlsx,Age,45 to 64,462,NO,78.9,72.6,84.1
2024_PHR8_BRFSS_Summary_Tables.xlsx,Age,65+,434,NO,96.6,94.1,98.1
2024_PHR8_BRFSS_Summary_Tables.xlsx,Education,Less than high school,84,NO,75.0,62.2,84.6
2024_PHR8_BRFSS_Summary_Tables.xlsx,Education,High school graduate,298,NO,77.9,70.4,83.9
2024_PHR8_BRFSS_Summary_Tables.xlsx,Education,Some college,384,NO,77.9,71.5,83.2
2024_PHR8_BRFSS_Summary_Tables.xlsx,Education,College graduate,670,NO,91.8,88.5,94.3
2024_PHR8_BRFSS_Summary_Tables.xlsx,Income,"<$25,000",139,NO,62.5,51.1,72.7
2024_PHR8_BRFSS_Summary_Tables.xlsx,Income,"$25,000 to <$50,000",269,NO,76.2,67.8,83.0
2024_PHR8_BRFSS_Summary_Tables.xlsx,Income,"$50,000+",776,NO,86.5,81.6,90.3
2024_PHR8_BRFSS_Summary_Tables.xlsx,Marital Status,Married,777,NO,83.8,78.8,87.7
2024_PHR8_BRFSS_Summary_Tables.xlsx,Marital Status,Not married,651,NO,78.8,73.9,82.9
2024_PHR8_BRFSS_Summary_Tables.xlsx,Employment Status,Employed,734,NO,80.2,75.6,84.1
2024_PHR8_BRFSS_Summary_Tables.xlsx,Employment Status,Not employed,670,NO,83.4,78.0,87.6
2024_PHR8_BRFSS_Summary_Tables.xlsx,Health Insurance,Health insurance,"1,263",NO,86.1,82.6,89.0
2024_PHR8_BRFSS_Summary_Tables.xlsx,Health Insurance,No health insurance,126,NO,49.4,38.2,60.6
2024_PHR8_BRFSS_Summary_Tables.xlsx,Disability Status,Has disability,431,NO,70.5,62.8,77.1
2024_PHR8_BRFSS_Summary_Tables.xlsx,Disability Status,No disability,934,NO,86.5,82.7,89.5
2024_PHR8_BRFSS_Summary_Tables.xlsx,Sexual Orientation,"Gay, Lesbian, or Bisexual",91,NO,81.1,67.6,89.9
2024_PHR8_BRFSS_Summary_Tables.xlsx,Sexual Orientation,Straight,"1,142",NO,82.3,78.4,85.6
2024_PHR9_BRFSS_Summary_Tables.xlsx,Total,Total,496,YES,16.8,11.8,23.4
2024_PHR9_BRFSS_Summary_Tables.xlsx,Sex,Male,279,YES,8.5,5.0,13.9
2024_PHR9_BRFSS_Summary_Tables.xlsx,Sex,Female,217,YES,27.7,18.1,40.0
2024_PHR9_BRFSS_Summary_Tables.xlsx,Race/Ethnicity,"White, Non-Hispanic",266,YES,,,
2024_PHR9_BRFSS_Summary_Tables.xlsx,Race/Ethnicity,"Black, Non-Hispanic",N,YES,,,
2024_PHR9_BRFSS_Summary_Tables.xlsx,Race/Ethnicity,Hispanic,174,YES,21.8,13.8,32.7
2024_PHR9_BRFSS_Summary_Tables.xlsx,Race/Ethnicity,"Other/Multiracial, Non-Hispanic",N,YES,,,
2024_PHR9_BRFSS_Summary_Tables.xlsx,Age,18 to 29,77,YES,,,
2024_PHR9_BRFSS_Summary_Tables.xlsx,Age,30 to 44,152,YES,23.7,14.0,37.3
2024_PHR9_BRFSS_Summary_Tables.xlsx,Age,45 to 64,155,YES,,,
2024_PHR9_BRFSS_Summary_Tables.xlsx,Age,65+,109,YES,,,
2024_PHR9_BRFSS_Summary_Tables.xlsx,Education,Less than high school,N,YES,,,
2024_PHR9_BRFSS_Summary_Tables.xlsx,Education,High school graduate,153,YES,14.8,8.2,25.2
2024_PHR9_BRFSS_Summary_Tables.xlsx,Education,Some college,151,YES,19.0,10.2,32.6
2024_PHR9_BRFSS_Summary_Tables.xlsx,Education,College graduate,142,YES,,,
2024_PHR9_BRFSS_Summary_Tables.xlsx,Income,"<$25,000",53,YES,40.9,21.4,63.7
2024_PHR9_BRFSS_Summary_Tables.xlsx,Income,"$25,000 to <$50,000",79,YES,,,
2024_PHR9_BRFSS_Summary_Tables.xlsx,Income,"$50,000+",255,YES,12.5,6.9,21.6
2024_PHR9_BRFSS_Summary_Tables.xlsx,Marital Status,Married,255,YES,12.7,7.1,21.8
2024_PHR9_BRFSS_Summary_Tables.xlsx,Marital Status,Not married,240,YES,22.0,14.0,32.9
2024_PHR9_BRFSS_Summary_Tables.xlsx,Employment Status,Employed,304,YES,12.1,8.1,17.8
2024_PHR9_BRFSS_Summary_Tables.xlsx,Employment Status,Not employed,176,YES,24.8,14.0,39.9
2024_PHR9_BRFSS_Summary_Tables.xlsx,Health Insurance,Health insurance,399,YES,10.0,6.0,16.2
2024_PHR9_BRFSS_Summary_Tables.xlsx,Health Insurance,No health insurance,73,YES,60.2,42.5,75.7
2024_PHR9_BRFSS_Summary_Tables.xlsx,Disability Status,Has disability,151,YES,32.4,19.3,49.1
2024_PHR9_BRFSS_Summary_Tables.xlsx,Disability Status,No disability,306,YES,9.5,5.7,15.4
2024_PHR9_BRFSS_Summary_Tables.xlsx,Sexual Orientation,"Gay, Lesbian, or Bisexual",N,YES,,,
2024_PHR9_BRFSS_Summary_Tables.xlsx,Sexual Orientation,Straight,419,YES,17.5,12.1,24.7
2024_PHR9_BRFSS_Summary_Tables.xlsx,Total,Total,496,NO,83.2,76.6,88.2
2024_PHR9_BRFSS_Summary_Tables.xlsx,Sex,Male,279,NO,91.5,86.1,95.0
2024_PHR9_BRFSS_Summary_Tables.xlsx,Sex,Female,217,NO,72.3,60.0,81.9
2024_PHR9_BRFSS_Summary_Tables.xlsx,Race/Ethnicity,"White, Non-Hispanic",266,NO,86.6,76.1,93.0
2024_PHR9_BRFSS_Summary_Tables.xlsx,Race/Ethnicity,"Black, Non-Hispanic",N,NO,,,
2024_PHR9_BRFSS_Summary_Tables.xlsx,Race/Ethnicity,Hispanic,174,NO,78.2,67.3,86.2
2024_PHR9_BRFSS_Summary_Tables.xlsx,Race/Ethnicity,"Other/Multiracial, Non-Hispanic",N,NO,,,
2024_PHR9_BRFSS_Summary_Tables.xlsx,Age,18 to 29,77,NO,83.5,67.6,92.4
2024_PHR9_BRFSS_Summary_Tables.xlsx,Age,30 to 44,152,NO,76.3,62.7,86.0
2024_PHR9_BRFSS_Summary_Tables.xlsx,Age,45 to 64,155,NO,84.4,73.0,91.6
2024_PHR9_BRFSS_Summary_Tables.xlsx,Age,65+,109,NO,97.2,92.6,99.0
2024_PHR9_BRFSS_Summary_Tables.xlsx,Education,Less than high school,N,NO,,,
2024_PHR9_BRFSS_Summary_Tables.xlsx,Education,High school graduate,153,NO,85.2,74.8,91.8
2024_PHR9_BRFSS_Summary_Tables.xlsx,Education,Some college,151,NO,81.0,67.4,89.8
2024_PHR9_BRFSS_Summary_Tables.xlsx,Education,College graduate,142,NO,88.9,74.7,95.6
2024_PHR9_BRFSS_Summary_Tables.xlsx,Income,"<$25,000",53,NO,59.1,36.3,78.6
2024_PHR9_BRFSS_Summary_Tables.xlsx,Income,"$25,000 to <$50,000",79,NO,79.0,59.3,90.6
2024_PHR9_BRFSS_Summary_Tables.xlsx,Income,"$50,000+",255,NO,87.5,78.4,93.1
2024_PHR9_BRFSS_Summary_Tables.xlsx,Marital Status,Married,255,NO,87.3,78.2,92.9
2024_PHR9_BRFSS_Summary_Tables.xlsx,Marital Status,Not married,240,NO,78.0,67.1,86.0
2024_PHR9_BRFSS_Summary_Tables.xlsx,Employment Status,Employed,304,NO,87.9,82.2,91.9
2024_PHR9_BRFSS_Summary_Tables.xlsx,Employment Status,Not employed,176,NO,75.2,60.1,86.0
2024_PHR9_BRFSS_Summary_Tables.xlsx,Health Insurance,Health insurance,399,NO,90.0,83.8,94.0
2024_PHR9_BRFSS_Summary_Tables.xlsx,Health Insurance,No health insurance,73,NO,39.8,24.3,57.5
2024_PHR9_BRFSS_Summary_Tables.xlsx,Disability Status,Has disability,151,NO,67.6,50.9,80.7
2024_PHR9_BRFSS_Summary_Tables.xlsx,Disability Status,No disability,306,NO,90.5,84.6,94.3
2024_PHR9_BRFSS_Summary_Tables.xlsx,Sexual Orientation,"Gay, Lesbian, or Bisexual",N,NO,,,
2024_PHR9_BRFSS_Summary_Tables.xlsx,Sexual Orientation,Straight,419,NO,82.5,75.3,87.9
