"Table with row headers in columns A and B and column headers in rows 5 through 9","...2","...3","...4","...5","...6","...7","...8","...9","...10","...11","...12","...13","...14","...15","...16","...17","...18","...19","...20","...21","...22","...23","...24","...25","...26","...27","...28","...29","...30","...31","...32","...33","...34","...35","...36","...37","...38","...39","...40","...41","...42","...43","...44","...45","...46","...47","...48","...49","...50","...51","...52","...53","...54","...55","...56"
"Table HI05_ACS. Health Insurance Coverage Status and Type of Coverage by State and Age for All Persons: 2023",NA,NA,NA,NA,NA,NA,NA,NA,NA,NA,NA,NA,NA,NA,NA,NA,NA,NA,NA,NA,NA,NA,NA,NA,NA,NA,NA,NA,NA,NA,NA,NA,NA,NA,NA,NA,NA,NA,NA,NA,NA,NA,NA,NA,NA,NA,NA,NA,NA,NA,NA,NA,NA,NA,NA
"Universe: Civilian noninstitutionalized population",NA,NA,NA,NA,NA,NA,NA,NA,NA,NA,NA,NA,NA,NA,NA,NA,NA,NA,NA,NA,NA,NA,NA,NA,NA,NA,NA,NA,NA,NA,NA,NA,NA,NA,NA,NA,NA,NA,NA,NA,NA,NA,NA,NA,NA,NA,NA,NA,NA,NA,NA,NA,NA,NA,NA
"(Numbers in thousands)",NA,NA,NA,NA,NA,NA,NA,NA,NA,NA,NA,NA,NA,NA,NA,NA,NA,NA,NA,NA,NA,NA,NA,NA,NA,NA,NA,NA,NA,NA,NA,NA,NA,NA,NA,NA,NA,NA,NA,NA,NA,NA,NA,NA,NA,NA,NA,NA,NA,NA,NA,NA,NA,NA,NA
"Nation/State","Characteristic","Total",NA,"Any health insurance",NA,NA,NA,NA,NA,NA,NA,NA,NA,NA,NA,NA,NA,NA,NA,NA,NA,NA,NA,NA,NA,NA,NA,NA,NA,NA,NA,NA,NA,NA,NA,NA,NA,NA,NA,NA,NA,NA,NA,NA,NA,NA,NA,NA,NA,NA,NA,"Uninsured",NA,NA,NA
NA,NA,NA,NA,"Number","Margin of error1","Percent","Margin of error1","Any private health insurance",NA,NA,NA,NA,NA,NA,NA,NA,NA,NA,NA,NA,NA,NA,NA,"Public health insurance",NA,NA,NA,NA,NA,NA,NA,NA,NA,NA,NA,NA,NA,NA,NA,NA,NA,NA,NA,NA,NA,NA,NA,NA,NA,NA,NA,NA,NA,NA,NA
NA,NA,NA,NA,NA,NA,NA,NA,"Number","Margin of error1","Percent","Margin of error1","Employment-based",NA,NA,NA,"Direct purchase",NA,NA,NA,"TRICARE",NA,NA,NA,"Number","Margin of error1","Percent","Margin of error1","Covered by Medicaid",NA,NA,NA,NA,NA,NA,NA,"Covered by Medicare",NA,NA,NA,NA,NA,NA,NA,NA,NA,NA,NA,"Covered by VA care",NA,NA,NA,"Number","Margin of error1","Percent","Margin of error1"
NA,NA,NA,NA,NA,NA,NA,NA,NA,NA,NA,NA,NA,NA,NA,NA,NA,NA,NA,NA,NA,NA,NA,NA,NA,NA,NA,NA,"Number","Margin of error1","Percent","Margin of error1","Also covered by private insurance",NA,NA,NA,"Number","Margin of error1","Percent","Margin of error1","Also covered by private insurance",NA,NA,NA,"Also covered by Medicaid",NA,NA,NA,"Number","Margin of error1","Percent","Margin of error1",NA,NA,NA,NA
NA,NA,"Number","Margin of error1",NA,NA,NA,NA,NA,NA,NA,NA,"Number","Margin of error1","Percent","Margin of error1","Number","Margin of error1","Percent","Margin of error1","Number","Margin of error1","Percent","Margin of error1",NA,NA,NA,NA,NA,NA,NA,NA,"Number","Margin of error1","Percent","Margin of error1",NA,NA,NA,NA,"Number","Margin of error1","Percent","Margin of error1","Number","Margin of error1","Percent","Margin of error1",NA,NA,NA,NA,NA,NA,NA,NA
"United States","All people","330000","20","303800","180","92.1","0.1","221100","455","67","0.1","180400","418","54.7","0.1","45770","149","13.9","Z","9088","82","2.8","Z","123500","279","37.4","0.1","70330","316","21.3","0.1","11500","88","3.5","Z","61900","66","18.8","Z","30600","105","9.3000000000000007","Z","11860","68","3.6","Z","7396","49","2.2000000000000002","Z","26170","183","7.9","0.1"
"United States",".Under 65 years","272100","36","246400","167","90.6","0.1","190000","401","69.8","0.2","163200","380","60","0.1","29560","131","10.9","Z","5941","75","2.2000000000000002","Z","68350","298","25.1","0.1","61970","301","22.8","0.1","8590","84","3.2","Z","6863","57","2.5","Z","1843","30","0.7","Z","3496","39","1.3","Z","3701","36","1.4","Z","25690","180","9.4","0.1"
"United States",".Under 19 years","77060","48","72900","68","94.6","0.1","46670","181","60.6","0.2","40370","180","52.4","0.2","6075","59","7.9","0.1","2045","40","2.7","0.1","30350","183","39.4","0.2","30020","180","39","0.2","4005","50","5.2","0.1","489","19","0.6","Z","104","8","0.1","Z","258","11","0.3","Z","158","10","0.2","Z","4155","59","5.4","0.1"
"United States",".19 - 64 years","195000","52","173500","162","89","0.1","143400","257","73.5","0.1","122800","243","63","0.1","23480","103","12","0.1","3896","50","2","Z","38000","153","19.5","0.1","31950","152","16.399999999999999","0.1","4585","49","2.4","Z","6374","49","3.3","Z","1739","29","0.9","Z","3238","36","1.7","Z","3543","36","1.8","Z","21540","151","11","0.1"
"United States",".65 years and over","57890","26","57410","31","99.2","Z","31090","96","53.7","0.2","17220","74","29.8","0.1","16220","68","28","0.1","3146","32","5.4","0.1","55110","41","95.2","0.1","8362","48","14.4","0.1","2905","28","5","Z","55040","42","95.1","0.1","28760","99","49.7","0.2","8362","48","14.4","0.1","3695","35","6.4","0.1","479","15","0.8","Z"
"Alabama","All people","5022","2","4596","13","91.5","0.3","3368","25","67.099999999999994","0.5","2694","28","53.6","0.6","707","18","14.1","0.4","247","13","4.9000000000000004","0.3","1938","22","38.6","0.4","1037","22","20.6","0.4","192","10","3.8","0.2","1046","10","20.8","0.2","544","10","10.8","0.2","206","7","4.0999999999999996","0.1","146","7","2.9","0.1","426","14","8.5","0.3"
"Alabama",".Under 65 years","4115","4","3692","14","89.7","0.3","2847","24","69.2","0.6","2400","27","58.3","0.6","450","17","10.9","0.4","154","12","3.7","0.3","1061","22","25.8","0.5","906","21","22","0.5","134","9","3.3","0.2","170","8","4.0999999999999996","0.2","51","4","1.2","0.1","76","5","1.8","0.1","78","6","1.9","0.1","423","14","10.3","0.3"
"Alabama",".Under 19 years","1199","5","1153","7","96.1","0.5","663","14","55.3","1.2","564","15","47.1","1.2","79","7","6.6","0.5","49","5","4.0999999999999996","0.4","548","15","45.7","1.2","542","14","45.2","1.2","56","6","4.5999999999999996","0.5","8","2","0.7","0.2","2","1","0.2","0.1","3","1","0.3","0.1","3","1","0.2","0.1","46","6","3.9","0.5"
"Alabama",".19 - 64 years","2916","7","2539","13","87.1","0.4","2184","16","74.900000000000006","0.5","1836","19","63","0.6","372","14","12.7","0.5","105","8","3.6","0.3","513","13","17.600000000000001","0.4","365","12","12.5","0.4","79","6","2.7","0.2","161","8","5.5","0.3","49","4","1.7","0.1","72","5","2.5","0.2","75","6","2.6","0.2","377","11","12.9","0.4"
"Alabama",".65 years and over","907","3","904","3","99.6","0.1","521","9","57.4","0.9","294","8","32.4","0.9","257","8","28.3","0.9","93","5","10.199999999999999","0.6","877","5","96.6","0.3","130","5","14.4","0.6","58","4","6.4","0.5","876","5","96.5","0.3","493","9","54.4","0.9","130","5","14.4","0.6","68","3","7.5","0.4","4","1","0.4","0.1"
"Alaska","All people","702","3","629","5","89.6","0.7","463","9","66","1.4","379","11","54","1.5","66","5","9.4","0.8","64","6","9.1","0.9","266","9","37.799999999999997","1.3","165","9","23.5","1.3","29","3","4.0999999999999996","0.5","107","2","15.2","0.3","63","3","8.9","0.4","23","2","3.3","0.3","32","3","4.5","0.4","73","5","10.4","0.7"
"Alaska",".Under 65 years","601","3","530","5","88.1","0.8","400","9","66.5","1.6","330","10","54.9","1.6","48","5","8","0.9","52","6","8.6999999999999993","1","169","9","28.1","1.4","147","9","24.5","1.4","23","3","3.9","0.5","10","1","1.7","0.2","3","1","0.5","0.1","6","1","1","0.2","19","2","3.1","0.4","72","5","11.9","0.8"
"Alaska",".Under 19 years","183","2","171","3","93.1","1","110","5","60.2","2.8","86","5","47","2.8","11","3","5.9","1.4","21","4","11.7","2","72","6","39.299999999999997","3.1","71","6","38.9","3.1","11","2","6.2","1.1000000000000001","Z","Z","0.2","0.2","0","0","0","0","Z","Z","0.1","0.1","1","Z","0.3","0.2","13","2","6.9","1"
"Alaska",".19 - 64 years","418","4","359","5","85.9","0.9","290","6","69.3","1.4","244","7","58.4","1.5","37","4","8.9","0.9","31","3","7.4","0.8","97","5","23.2","1.2","76","5","18.2","1.2","12","2","2.8","0.5","10","1","2.4","0.3","3","1","0.6","0.2","6","1","1.4","0.3","18","2","4.4000000000000004","0.5","59","4","14.1","0.9"
"Alaska",".65 years and over","101","1","100","1","98.7","0.5","63","3","62.6","2.5","49","3","48.4","2.9","18","2","18","2.2999999999999998","12","2","11.9","1.7","97","2","95.8","0.8","17","2","17.100000000000001","1.8","6","1","5.9","1","96","2","95.4","0.9","60","3","59.4","2.5","17","2","17.100000000000001","1.8","13","1","12.6","1.4","1","Z","1.3","0.5"
"Arizona","All people","7322","4","6594","26","90.1","0.3","4686","39","64","0.5","3827","42","52.3","0.6","924","23","12.6","0.3","247","12","3.4","0.2","2809","31","38.4","0.4","1501","35","20.5","0.5","233","14","3.2","0.2","1473","8","20.100000000000001","0.1","686","15","9.4","0.2","248","11","3.4","0.1","210","8","2.9","0.1","727","25","9.9","0.3"
"Arizona",".Under 65 years","5903","5","5188","25","87.9","0.4","3979","36","67.400000000000006","0.6","3476","39","58.9","0.7","542","20","9.1999999999999993","0.3","139","11","2.2999999999999998","0.2","1454","31","24.6","0.5","1315","32","22.3","0.5","168","12","2.8","0.2","121","6","2","0.1","32","3","0.5","0.1","62","4","1","0.1","96","6","1.6","0.1","715","24","12.1","0.4"
"Arizona",".Under 19 years","1685","5","1539","12","91.4","0.7","1005","18","59.7","1.1000000000000001","875","21","52","1.2","123","10","7.3","0.6","44","6","2.6","0.3","620","19","36.799999999999997","1.1000000000000001","612","20","36.299999999999997","1.2","83","9","4.9000000000000004","0.5","8","2","0.5","0.1","1","1","0.1","Z","5","2","0.3","0.1","5","2","0.3","0.1","145","11","8.6","0.7"
"Arizona",".19 - 64 years","4219","6","3649","19","86.5","0.4","2974","27","70.5","0.6","2600","26","61.6","0.6","419","14","9.9","0.3","95","7","2.2999999999999998","0.2","834","19","19.8","0.5","703","20","16.7","0.5","85","6","2","0.1","113","6","2.7","0.1","30","3","0.7","0.1","57","4","1.4","0.1","91","6","2.1","0.1","570","18","13.5","0.4"
"Arizona",".65 years and over","1418","2","1406","3","99.1","0.2","706","13","49.8","0.9","351","11","24.8","0.8","382","10","26.9","0.7","108","5","7.6","0.4","1355","5","95.6","0.3","186","9","13.1","0.6","64","5","4.5","0.3","1353","5","95.4","0.3","654","13","46.1","0.9","186","9","13.1","0.6","115","5","8.1","0.3","12","3","0.9","0.2"
"Arkansas","All people","3013","1","2744","13","91.1","0.4","1815","22","60.2","0.7","1426","20","47.3","0.7","419","14","13.9","0.5","93","8","3.1","0.3","1295","19","43","0.6","769","20","25.5","0.7","103","6","3.4","0.2","614","6","20.399999999999999","0.2","275","6","9.1","0.2","121","6","4","0.2","90","5","3","0.2","269","13","8.9","0.4"
"Arkansas",".Under 65 years","2480","3","2214","13","89.3","0.5","1548","20","62.4","0.8","1312","20","52.9","0.8","254","12","10.199999999999999","0.5","57","7","2.2999999999999998","0.3","777","19","31.3","0.8","699","19","28.2","0.8","77","6","3.1","0.2","98","5","4","0.2","21","2","0.8","0.1","52","4","2.1","0.2","40","4","1.6","0.2","266","13","10.7","0.5"
"Arkansas",".Under 19 years","743","4","693","7","93.3","0.9","370","10","49.8","1.3","318","10","42.8","1.4","49","6","6.6","0.8","19","3","2.5","0.5","359","12","48.3","1.5","355","12","47.7","1.6","33","4","4.5","0.5","5","2","0.7","0.2","1","1","0.1","0.1","3","1","0.4","0.2","2","2","0.3","0.2","50","6","6.7","0.9"
"Arkansas",".19 - 64 years","1737","4","1521","10","87.6","0.5","1178","13","67.900000000000006","0.7","994","13","57.2","0.7","205","9","11.8","0.5","39","5","2.2000000000000002","0.3","418","10","24.1","0.6","344","10","19.8","0.6","44","3","2.5","0.2","93","5","5.3","0.3","20","2","1.1000000000000001","0.1","48","4","2.8","0.2","38","3","2.2000000000000002","0.2","216","9","12.4","0.5"
"Arkansas",".65 years and over","533","3","530","3","99.4","0.2","266","6","50","1.1000000000000001","114","5","21.5","0.9","165","5","31","0.8","36","3","6.7","0.6","518","4","97.1","0.5","70","4","13.1","0.8","26","2","4.8","0.4","516","4","96.8","0.5","253","6","47.5","1.1000000000000001","70","4","13.1","0.8","51","3","9.5","0.6","3","1","0.6","0.2"
"California","All people","38500","7","36040","39","93.6","0.1","24400","82","63.4","0.2","20240","78","52.6","0.2","4889","54","12.7","0.1","634","20","1.6","0.1","15500","76","40.299999999999997","0.2","10470","77","27.2","0.2","1314","31","3.4","0.1","6412","22","16.7","0.1","2739","23","7.1","0.1","1623","21","4.2","0.1","557","13","1.4","Z","2458","38","6.4","0.1"
"California",".Under 65 years","32290","8","29900","39","92.6","0.1","21460","78","66.5","0.2","18380","77","56.9","0.2","3570","51","11.1","0.2","415","18","1.3","0.1","9699","76","30","0.2","9179","78","28.4","0.2","1014","31","3.1","0.1","618","16","1.9","0.1","141","9","0.4","Z","329","11","1","Z","282","10","0.9","Z","2392","38","7.4","0.1"
"California",".Under 19 years","8959","10","8674","17","96.8","0.2","5230","39","58.4","0.4","4506","37","50.3","0.4","771","21","8.6","0.2","148","8","1.7","0.1","3918","43","43.7","0.5","3875","44","43.3","0.5","463","20","5.2","0.2","67","7","0.7","0.1","13","3","0.1","Z","34","4","0.4","Z","12","3","0.1","Z","285","14","3.2","0.2"
"California",".19 - 64 years","23330","13","21230","36","91","0.1","16230","52","69.599999999999994","0.2","13880","54","59.5","0.2","2799","35","12","0.2","267","12","1.1000000000000001","0.1","5781","46","24.8","0.2","5304","47","22.7","0.2","551","16","2.4","0.1","551","13","2.4","0.1","128","7","0.5","Z","295","9","1.3","Z","270","9","1.2","Z","2106","34","9","0.1"
"California",".65 years and over","6204","5","6138","7","98.9","0.1","2938","22","47.4","0.3","1861","17","30","0.3","1319","18","21.3","0.3","220","10","3.5","0.2","5803","12","93.5","0.2","1295","18","20.9","0.3","300","10","4.8","0.2","5794","13","93.4","0.2","2598","22","41.9","0.4","1295","18","20.9","0.3","275","9","4.4000000000000004","0.1","67","5","1.1000000000000001","0.1"
"Colorado","All people","5776","4","5389","14","93.3","0.2","4063","29","70.3","0.5","3309","31","57.3","0.5","756","19","13.1","0.3","231","14","4","0.2","1960","26","33.9","0.4","1083","26","18.7","0.5","190","10","3.3","0.2","957","7","16.600000000000001","0.1","444","9","7.7","0.2","150","6","2.6","0.1","145","7","2.5","0.1","387","14","6.7","0.2"
"Colorado",".Under 65 years","4851","5","4469","14","92.1","0.3","3600","28","74.2","0.6","3067","29","63.2","0.6","516","17","10.6","0.4","168","12","3.5","0.3","1079","25","22.2","0.5","973","26","20.100000000000001","0.5","146","9","3","0.2","76","5","1.6","0.1","21","2","0.4","0.1","40","3","0.8","0.1","81","5","1.7","0.1","381","14","7.9","0.3"
"Colorado",".Under 19 years","1282","5","1229","8","95.9","0.4","848","14","66.2","1.1000000000000001","722","15","56.3","1.2","97","8","7.6","0.7","61","7","4.8","0.5","447","14","34.799999999999997","1","440","14","34.299999999999997","1","64","7","5","0.5","7","2","0.6","0.2","2","1","0.1","0.1","2","1","0.2","0.1","2","1","0.2","0.1","53","6","4.0999999999999996","0.4"
"Colorado",".19 - 64 years","3569","8","3240","13","90.8","0.3","2752","18","77.099999999999994","0.5","2346","19","65.7","0.5","419","13","11.7","0.4","107","7","3","0.2","632","15","17.7","0.4","533","16","14.9","0.4","82","5","2.2999999999999998","0.1","69","4","1.9","0.1","19","2","0.5","0.1","37","3","1","0.1","79","5","2.2000000000000002","0.1","328","12","9.1999999999999993","0.3"
"Colorado",".65 years and over","926","3","920","3","99.4","0.1","462","8","49.9","0.9","241","7","26.1","0.8","240","7","25.9","0.7","63","5","6.8","0.5","882","4","95.3","0.4","110","5","11.9","0.6","43","3","4.7","0.3","881","4","95.2","0.4","424","8","45.8","0.9","110","5","11.9","0.6","64","4","6.9","0.4","6","1","0.6","0.1"
"Connecticut","All people","3574","2","3369","13","94.3","0.4","2424","24","67.8","0.7","2063","24","57.7","0.7","443","14","12.4","0.4","44","4","1.2","0.1","1369","21","38.299999999999997","0.6","804","21","22.5","0.6","127","9","3.6","0.3","705","6","19.7","0.2","338","7","9.4","0.2","157","7","4.4000000000000004","0.2","52","4","1.4","0.1","205","13","5.7","0.4"
"Connecticut",".Under 65 years","2902","2","2702","13","93.1","0.4","2071","22","71.400000000000006","0.8","1839","22","63.4","0.8","276","12","9.5","0.4","30","4","1","0.1","735","21","25.3","0.7","689","20","23.7","0.7","82","8","2.8","0.3","72","5","2.5","0.2","17","3","0.6","0.1","42","5","1.4","0.2","20","3","0.7","0.1","200","13","6.9","0.4"
"Connecticut",".Under 19 years","774","4","748","6","96.6","0.6","497","11","64.099999999999994","1.4","445","10","57.4","1.3","57","5","7.4","0.7","11","3","1.4","0.3","288","11","37.200000000000003","1.4","286","11","37","1.4","37","5","4.7","0.6","6","3","0.7","0.3","1","Z","0.1","0.1","4","3","0.5","0.4","1","Z","0.1","0.1","27","5","3.4","0.6"
"Connecticut",".19 - 64 years","2128","4","1955","11","91.9","0.5","1575","16","74","0.8","1394","18","65.5","0.8","219","10","10.3","0.5","19","2","0.9","0.1","447","15","21","0.7","402","14","18.899999999999999","0.6","45","5","2.1","0.2","66","5","3.1","0.2","16","3","0.8","0.1","38","4","1.8","0.2","20","3","0.9","0.1","173","10","8.1","0.5"
"Connecticut",".65 years and over","672","2","666","2","99.2","0.2","353","6","52.6","0.9","224","6","33.299999999999997","0.9","167","6","24.8","1","15","2","2.2000000000000002","0.3","634","3","94.4","0.4","115","6","17.2","0.8","46","4","6.8","0.5","633","3","94.3","0.4","321","7","47.8","1","115","6","17.2","0.8","31","3","4.5999999999999996","0.4","5","2","0.8","0.2"
"Delaware","All people","1018","1","952","8","93.5","0.8","704","14","69.099999999999994","1.3","596","14","58.6","1.4","131","7","12.9","0.7","31","4","3.1","0.4","421","11","41.3","1.1000000000000001","218","12","21.4","1.2","44","4","4.3","0.4","231","3","22.7","0.3","138","4","13.5","0.4","36","4","3.5","0.4","24","3","2.2999999999999998","0.3","66","8","6.5","0.8"
"Delaware",".Under 65 years","802","2","738","8","92","1","567","13","70.7","1.6","508","14","63.3","1.7","66","5","8.3000000000000007","0.7","18","3","2.2000000000000002","0.4","213","11","26.6","1.4","195","12","24.3","1.4","33","4","4.0999999999999996","0.6","24","3","3","0.3","8","2","1","0.2","13","2","1.6","0.3","9","2","1.1000000000000001","0.2","64","8","8","1"
"Delaware",".Under 19 years","227","2","216","4","95.2","1.6","141","7","62.1","2.9","127","6","55.9","2.9","13","3","5.9","1.1000000000000001","6","2","2.5","0.8","90","6","39.6","2.8","89","6","39.4","2.7","15","3","6.5","1.3","2","1","0.8","0.5","Z","Z","0.1","0.1","1","1","0.6","0.4","D","D","D","D","11","4","4.8","1.6"
"Delaware",".19 - 64 years","576","2","522","6","90.7","1","426","9","74","1.4","381","9","66.2","1.5","53","4","9.1999999999999993","0.7","12","2","2.1","0.4","123","7","21.4","1.2","106","7","18.399999999999999","1.2","18","3","3.1","0.5","22","2","3.9","0.4","7","2","1.3","0.3","12","2","2","0.3","D","D","D","D","53","6","9.3000000000000007","1"
"Delaware",".65 years and over","216","1","214","1","99.2","0.4","137","4","63.5","2","89","4","41","1.8","65","4","30","1.8","13","2","6.2","1","207","2","96.1","0.9","23","3","10.7","1.2","11","2","5.3","0.7","207","2","95.8","0.9","130","4","60.3","2","23","3","10.7","1.2","15","2","7","0.9","2","1","0.8","0.4"
"District of Columbia","All people","669","1","651","3","97.3","0.5","493","13","73.7","2","433","13","64.7","1.9","77","6","11.5","1","13","3","1.9","0.4","225","13","33.6","1.9","163","12","24.4","1.9","24","7","3.6","1","86","2","12.9","0.3","49","2","7.3","0.3","29","2","4.3","0.4","8","2","1.2","0.2","18","3","2.7","0.5"
"District of Columbia",".Under 65 years","583","1","565","3","97","0.5","440","13","75.5","2.2999999999999998","393","13","67.400000000000006","2.2000000000000002","57","6","9.6999999999999993","1","9","2","1.5","0.4","144","13","24.8","2.2000000000000002","138","13","23.7","2.1","16","7","2.7","1.2","6","2","1","0.3","1","1","0.2","0.1","4","1","0.6","0.2","5","1","0.8","0.2","18","3","3","0.5"
"District of Columbia",".Under 19 years","134","2","132","2","98.7","0.9","89","7","66.099999999999994","5.5","77","6","57.3","4.9000000000000004","12","4","9.1","2.8","4","2","3","1.5","52","6","39.1","4.7","52","6","39","4.7","9","5","6.4","3.6","1","1","0.4","0.5","D","D","D","D","D","D","D","D","D","D","D","D","2","1","1.3","0.9"
"District of Columbia",".19 - 64 years","449","2","433","3","96.5","0.7","352","7","78.400000000000006","1.6","316","8","70.400000000000006","1.7","44","4","9.9","0.9","5","1","1.1000000000000001","0.3","92","8","20.5","1.7","86","7","19.2","1.7","7","2","1.6","0.5","5","1","1.2","0.3","D","D","D","D","D","D","D","D","D","D","D","D","16","3","3.5","0.7"
"District of Columbia",".65 years and over","87","Z","86","1","99.3","0.4","53","2","61.1","2.8","41","3","47.1","3.1","20","2","23.5","2.7","4","1","4.0999999999999996","1.3","81","1","93.3","1.3","25","2","29.1","2.7","9","2","10.1","2.1","81","1","93","1.4","48","2","55.1","2.8","25","2","29.1","2.7","3","1","3.9","1","1","Z","0.7","0.4"
"Florida","All people","22280","6","19900","44","89.3","0.2","14310","72","64.2","0.3","10190","68","45.7","0.3","4250","40","19.100000000000001","0.2","848","27","3.8","0.1","8352","48","37.5","0.2","3955","51","17.8","0.2","642","19","2.9","0.1","5029","16","22.6","0.1","2180","24","9.8000000000000007","0.1","907","17","4.0999999999999996","0.1","671","19","3","0.1","2381","44","10.7","0.2"
"Florida",".Under 65 years","17460","8","15130","46","86.6","0.3","12060","67","69.099999999999994","0.4","9102","63","52.1","0.4","3005","35","17.2","0.2","518","26","3","0.1","3763","46","21.6","0.3","3250","47","18.600000000000001","0.3","426","18","2.4","0.1","446","14","2.6","0.1","119","7","0.7","Z","202","10","1.2","0.1","330","15","1.9","0.1","2335","44","13.4","0.3"
"Florida",".Under 19 years","4648","8","4297","17","92.5","0.3","2637","31","56.7","0.7","2033","31","43.7","0.6","556","17","12","0.4","160","13","3.4","0.3","1850","29","39.799999999999997","0.6","1827","28","39.299999999999997","0.6","182","11","3.9","0.2","30","4","0.6","0.1","7","2","0.1","Z","14","3","0.3","0.1","12","3","0.3","0.1","351","15","7.5","0.3"
"Florida",".19 - 64 years","12810","10","10830","37","84.5","0.3","9427","47","73.599999999999994","0.4","7069","47","55.2","0.4","2449","29","19.100000000000001","0.2","358","16","2.8","0.1","1913","32","14.9","0.2","1423","30","11.1","0.2","244","12","1.9","0.1","416","13","3.2","0.1","113","7","0.9","0.1","189","9","1.5","0.1","318","14","2.5","0.1","1984","36","15.5","0.3"
"Florida",".65 years and over","4816","4","4769","6","99","0.1","2242","25","46.6","0.5","1086","20","22.6","0.4","1245","21","25.9","0.4","330","10","6.9","0.2","4589","9","95.3","0.2","705","14","14.6","0.3","216","7","4.5","0.2","4584","9","95.2","0.2","2060","24","42.8","0.5","705","14","14.6","0.3","341","10","7.1","0.2","47","4","1","0.1"
"Georgia","All people","10830","4","9599","26","88.6","0.2","7178","40","66.3","0.4","5741","42","53","0.4","1545","30","14.3","0.3","448","17","4.0999999999999996","0.2","3630","34","33.5","0.3","2036","34","18.8","0.3","370","15","3.4","0.1","1822","11","16.8","0.1","863","15","8","0.1","377","11","3.5","0.1","294","10","2.7","0.1","1233","26","11.4","0.2"
"Georgia",".Under 65 years","9168","6","7952","26","86.7","0.3","6317","37","68.900000000000006","0.4","5243","41","57.2","0.5","1133","27","12.4","0.3","316","17","3.5","0.2","2047","35","22.3","0.4","1781","32","19.399999999999999","0.3","265","13","2.9","0.1","243","8","2.6","0.1","68","5","0.7","0.1","122","6","1.3","0.1","173","8","1.9","0.1","1215","26","13.3","0.3"
"Georgia",".Under 19 years","2684","7","2512","13","93.6","0.4","1521","21","56.7","0.8","1279","22","47.7","0.8","216","12","8","0.4","110","9","4.0999999999999996","0.3","1123","22","41.8","0.8","1109","22","41.3","0.8","128","9","4.8","0.3","19","3","0.7","0.1","3","1","0.1","Z","11","2","0.4","0.1","7","3","0.3","0.1","171","11","6.4","0.4"
"Georgia",".19 - 64 years","6484","8","5440","21","83.9","0.3","4796","27","74","0.4","3965","30","61.1","0.4","917","21","14.1","0.3","207","10","3.2","0.2","924","20","14.3","0.3","672","17","10.4","0.3","137","8","2.1","0.1","223","8","3.4","0.1","66","5","1","0.1","111","6","1.7","0.1","165","8","2.5","0.1","1044","20","16.100000000000001","0.3"
"Georgia",".65 years and over","1665","5","1647","5","98.9","0.1","861","13","51.7","0.8","497","10","29.9","0.6","412","10","24.7","0.6","132","6","7.9","0.4","1583","7","95","0.3","255","10","15.3","0.6","105","6","6.3","0.4","1579","7","94.9","0.3","794","14","47.7","0.8","255","10","15.3","0.6","122","6","7.3","0.4","18","2","1.1000000000000001","0.1"
"Hawaii","All people","1378","3","1334","5","96.8","0.3","1037","12","75.2","0.9","848","15","61.6","1","187","9","13.6","0.7","108","7","7.8","0.5","555","12","40.299999999999997","0.8","281","12","20.399999999999999","0.9","63","6","4.5999999999999996","0.5","300","3","21.8","0.2","199","5","14.4","0.4","45","3","3.2","0.2","39","3","2.8","0.2","44","4","3.2","0.3"
"Hawaii",".Under 65 years","1080","3","1037","5","96","0.4","831","11","77","0.9","695","14","64.3","1.2","114","7","10.5","0.7","83","6","7.7","0.6","274","11","25.3","1","245","11","22.6","1","47","6","4.3","0.5","20","2","1.8","0.2","9","2","0.8","0.2","8","1","0.7","0.1","20","3","1.9","0.2","43","4","4","0.4"
"Hawaii",".Under 19 years","310","2","301","3","97","0.7","214","6","69.2","1.8","164","7","53","2.1","27","3","8.6","1","37","4","12","1.2","109","6","35.1","2","108","6","34.799999999999997","2","22","4","7.1","1.2","1","1","0.3","0.2","1","Z","0.2","0.2","1","Z","0.2","0.1","Z","Z","0.1","0.1","9","2","3","0.7"
"Hawaii",".19 - 64 years","770","3","736","5","95.6","0.5","617","7","80.099999999999994","0.9","530","8","68.900000000000006","1","87","6","11.3","0.8","46","4","6","0.5","165","7","21.4","0.9","137","7","17.7","0.9","25","3","3.2","0.4","18","2","2.4","0.3","8","2","1","0.3","7","1","0.9","0.2","20","2","2.6","0.3","34","4","4.4000000000000004","0.5"
"Hawaii",".65 years and over","298","1","297","1","99.5","0.3","206","4","69.099999999999994","1.4","154","4","51.6","1.4","74","4","24.7","1.4","24","2","8.1999999999999993","0.8","281","2","94.3","0.7","37","3","12.3","1","16","2","5.4","0.6","281","2","94.2","0.7","190","5","63.8","1.5","37","3","12.3","1","18","2","6.2","0.6","1","1","0.5","0.3"
"Idaho","All people","1938","1","1766","10","91.1","0.5","1333","14","68.8","0.7","1044","17","53.9","0.9","303","11","15.6","0.6","66","6","3.4","0.3","693","13","35.700000000000003","0.7","358","13","18.5","0.7","74","6","3.8","0.3","361","4","18.600000000000001","0.2","184","5","9.5","0.2","50","3","2.6","0.2","52","4","2.7","0.2","172","10","8.9","0.5"
"Idaho",".Under 65 years","1604","2","1434","9","89.4","0.6","1151","14","71.8","0.9","976","16","60.9","1","185","10","11.5","0.6","43","5","2.7","0.3","369","13","23","0.8","329","13","20.5","0.8","61","6","3.8","0.4","37","3","2.2999999999999998","0.2","11","2","0.7","0.1","20","2","1.2","0.1","28","3","1.8","0.2","170","10","10.6","0.6"
"Idaho",".Under 19 years","497","3","464","5","93.4","0.8","324","8","65.3","1.5","279","8","56.1","1.6","44","5","8.8000000000000007","0.9","13","3","2.6","0.6","171","7","34.5","1.4","170","7","34.200000000000003","1.4","31","4","6.3","0.9","2","1","0.5","0.3","D","D","D","D","2","1","0.3","0.3","1","Z","0.1","0.1","33","4","6.6","0.8"
"Idaho",".19 - 64 years","1107","3","970","7","87.6","0.6","827","9","74.7","0.8","697","10","63","0.9","141","7","12.7","0.6","30","4","2.7","0.3","197","9","17.8","0.8","158","8","14.3","0.7","30","3","2.7","0.3","35","3","3.1","0.3","D","D","D","D","18","2","1.6","0.2","28","3","2.5","0.3","137","7","12.4","0.6"
"Idaho",".65 years and over","334","2","332","2","99.5","0.2","181","4","54.4","1.2","67","4","20.2","1.1000000000000001","118","4","35.4","1.2","23","2","7","0.6","324","2","97.1","0.5","30","2","9","0.6","13","1","3.9","0.4","324","2","97","0.5","173","4","51.9","1.2","30","2","9","0.6","23","2","7","0.6","2","1","0.5","0.2"
"Illinois","All people","12380","2","11620","21","93.8","0.2","8625","44","69.7","0.4","7362","47","59.5","0.4","1563","23","12.6","0.2","140","8","1.1000000000000001","0.1","4408","39","35.6","0.3","2461","39","19.899999999999999","0.3","338","15","2.7","0.1","2245","11","18.100000000000001","0.1","1127","13","9.1","0.1","370","10","3","0.1","184","8","1.5","0.1","763","22","6.2","0.2"
"Illinois",".Under 65 years","10240","4","9493","21","92.7","0.2","7455","42","72.8","0.4","6713","44","65.599999999999994","0.4","912","22","8.9","0.2","97","6","0.9","0.1","2390","39","23.3","0.4","2198","38","21.5","0.4","257","14","2.5","0.1","229","9","2.2000000000000002","0.1","64","4","0.6","Z","107","6","1","0.1","86","6","0.8","0.1","744","21","7.3","0.2"
"Illinois",".Under 19 years","2866","7","2774","10","96.8","0.3","1859","24","64.900000000000006","0.8","1698","24","59.2","0.8","182","10","6.4","0.3","32","4","1.1000000000000001","0.1","1045","22","36.4","0.8","1035","22","36.1","0.8","127","9","4.4000000000000004","0.3","16","3","0.5","0.1","4","1","0.1","0.1","7","2","0.3","0.1","3","1","0.1","Z","93","8","3.2","0.3"
"Illinois",".19 - 64 years","7371","7","6719","20","91.2","0.2","5596","27","75.900000000000006","0.4","5014","31","68","0.4","729","18","9.9","0.2","65","4","0.9","0.1","1346","26","18.3","0.4","1163","25","15.8","0.3","129","8","1.8","0.1","214","9","2.9","0.1","60","4","0.8","0.1","99","6","1.3","0.1","83","6","1.1000000000000001","0.1","652","18","8.8000000000000007","0.2"
"Illinois",".65 years and over","2141","3","2123","4","99.2","0.1","1170","13","54.6","0.6","650","13","30.3","0.6","652","11","30.4","0.5","43","4","2","0.2","2018","7","94.2","0.3","263","8","12.3","0.4","81","5","3.8","0.2","2015","7","94.1","0.3","1063","13","49.7","0.6","263","8","12.3","0.4","98","5","4.5999999999999996","0.2","18","3","0.8","0.1"
"Indiana","All people","6764","2","6301","19","93.1","0.3","4587","35","67.8","0.5","3867","36","57.2","0.5","855","16","12.6","0.2","111","9","1.6","0.1","2527","26","37.4","0.4","1430","27","21.1","0.4","222","12","3.3","0.2","1260","8","18.600000000000001","0.1","620","10","9.1999999999999993","0.2","219","8","3.2","0.1","145","6","2.1","0.1","464","19","6.9","0.3"
"Indiana",".Under 65 years","5623","4","5165","19","91.8","0.3","3969","33","70.599999999999994","0.6","3567","35","63.4","0.6","487","13","8.6999999999999993","0.2","66","8","1.2","0.1","1429","26","25.4","0.5","1300","26","23.1","0.5","169","10","3","0.2","165","7","2.9","0.1","43","4","0.8","0.1","89","6","1.6","0.1","63","5","1.1000000000000001","0.1","459","19","8.1999999999999993","0.3"
"Indiana",".Under 19 years","1675","5","1576","10","94.1","0.6","1034","16","61.7","0.9","939","18","56.1","1","101","7","6.1","0.4","22","4","1.3","0.2","631","14","37.700000000000003","0.8","626","14","37.4","0.8","86","7","5.0999999999999996","0.4","10","3","0.6","0.2","3","1","0.2","0.1","7","2","0.4","0.1","2","1","0.1","0.1","98","9","5.9","0.6"
"Indiana",".19 - 64 years","3948","6","3588","15","90.9","0.3","2935","23","74.3","0.6","2628","23","66.599999999999994","0.6","386","11","9.8000000000000007","0.3","45","5","1.1000000000000001","0.1","798","18","20.2","0.4","674","17","17.100000000000001","0.4","83","5","2.1","0.1","154","7","3.9","0.2","39","3","1","0.1","82","5","2.1","0.1","62","5","1.6","0.1","360","14","9.1","0.3"
"Indiana",".65 years and over","1141","3","1136","3","99.6","0.1","618","9","54.1","0.8","299","8","26.2","0.7","368","9","32.200000000000003","0.8","44","3","3.9","0.3","1097","5","96.2","0.3","130","5","11.4","0.5","53","4","4.5999999999999996","0.3","1096","5","96","0.3","578","9","50.6","0.8","130","5","11.4","0.5","82","4","7.2","0.3","5","1","0.4","0.1"
"Iowa","All people","3162","1","3003","9","95","0.3","2270","20","71.8","0.6","1842","22","58.3","0.7","501","12","15.8","0.4","59","6","1.9","0.2","1195","15","37.799999999999997","0.5","650","15","20.6","0.5","139","7","4.4000000000000004","0.2","617","5","19.5","0.1","338","6","10.7","0.2","100","5","3.2","0.1","73","3","2.2999999999999998","0.1","159","9","5","0.3"
"Iowa",".Under 65 years","2594","2","2437","9","94","0.3","1933","18","74.5","0.7","1724","21","66.5","0.8","257","12","9.9","0.4","37","5","1.4","0.2","644","15","24.8","0.6","592","15","22.8","0.6","110","7","4.3","0.3","67","4","2.6","0.2","18","2","0.7","0.1","41","4","1.6","0.1","34","3","1.3","0.1","157","9","6","0.3"
"Iowa",".Under 19 years","767","4","741","5","96.6","0.4","504","9","65.7","1.1000000000000001","458","9","59.7","1.3","52","5","6.8","0.6","11","3","1.4","0.4","293","9","38.200000000000003","1.1000000000000001","291","9","38","1.1000000000000001","55","5","7.1","0.7","4","1","0.6","0.2","1","1","0.2","0.1","3","1","0.4","0.2","1","Z","0.1","0.1","26","3","3.4","0.4"
"Iowa",".19 - 64 years","1826","4","1696","9","92.9","0.4","1429","14","78.3","0.7","1266","16","69.3","0.8","204","9","11.2","0.5","27","3","1.5","0.2","352","10","19.2","0.6","300","10","16.399999999999999","0.5","56","5","3","0.3","62","4","3.4","0.2","16","2","0.9","0.1","38","3","2.1","0.2","33","3","1.8","0.2","130","7","7.1","0.4"
"Iowa",".65 years and over","568","2","566","2","99.6","0.1","337","7","59.2","1.1000000000000001","118","4","20.8","0.8","244","6","43","1.1000000000000001","21","2","3.8","0.4","550","2","96.8","0.3","59","4","10.3","0.7","28","2","5","0.4","550","2","96.7","0.3","321","6","56.4","1","59","4","10.3","0.7","39","2","6.9","0.4","2","1","0.4","0.1"
"Kansas","All people","2877","2","2636","10","91.6","0.4","2107","16","73.2","0.5","1670","17","58.1","0.6","479","13","16.7","0.4","108","7","3.7","0.2","911","13","31.7","0.5","421","14","14.7","0.5","94","7","3.3","0.2","534","5","18.5","0.2","295","7","10.3","0.2","72","4","2.5","0.1","69","4","2.4","0.1","240","10","8.4","0.4"
"Kansas",".Under 65 years","2376","4","2140","10","90.1","0.4","1811","15","76.2","0.7","1556","18","65.5","0.8","283","12","11.9","0.5","76","6","3.2","0.3","433","14","18.2","0.6","376","14","15.8","0.6","71","6","3","0.3","56","4","2.4","0.2","18","2","0.8","0.1","26","3","1.1000000000000001","0.1","32","3","1.4","0.1","236","10","9.9","0.4"
"Kansas",".Under 19 years","726","3","686","5","94.4","0.6","495","9","68.099999999999994","1.2","430","10","59.3","1.3","57","5","7.8","0.7","31","3","4.3","0.5","230","9","31.7","1.3","228","9","31.4","1.3","38","4","5.2","0.5","4","2","0.6","0.3","2","1","0.2","0.1","2","2","0.3","0.2","1","Z","0.1","Z","41","5","5.6","0.6"
"Kansas",".19 - 64 years","1650","4","1454","9","88.1","0.5","1316","11","79.8","0.6","1126","12","68.2","0.7","226","8","13.7","0.5","44","4","2.7","0.3","202","7","12.3","0.5","148","7","8.9","0.4","33","3","2","0.2","52","3","3.1","0.2","17","2","1","0.1","24","2","1.4","0.1","32","3","1.9","0.2","196","8","11.9","0.5"
"Kansas",".65 years and over","500","3","496","3","99.2","0.3","295","7","59","1.3","114","5","22.7","1","196","7","39.200000000000003","1.3","32","3","6.4","0.6","478","3","95.5","0.5","46","3","9.1999999999999993","0.6","23","2","4.5","0.4","478","3","95.5","0.5","277","7","55.4","1.3","46","3","9.1999999999999993","0.6","36","3","7.3","0.6","4","1","0.8","0.3"
"Kentucky","All people","4442","2","4201","11","94.6","0.2","2788","25","62.8","0.6","2347","25","52.8","0.6","512","13","11.5","0.3","122","8","2.7","0.2","2006","25","45.2","0.6","1244","25","28","0.6","177","10","4","0.2","899","7","20.2","0.1","439","8","9.9","0.2","180","7","4","0.2","114","6","2.6","0.1","241","11","5.4","0.2"
"Kentucky",".Under 65 years","3661","3","3423","12","93.5","0.3","2357","23","64.400000000000006","0.6","2113","24","57.7","0.6","276","12","7.6","0.3","81","7","2.2000000000000002","0.2","1248","25","34.1","0.7","1132","24","30.9","0.7","132","9","3.6","0.2","142","6","3.9","0.2","28","3","0.8","0.1","68","4","1.9","0.1","54","5","1.5","0.1","238","11","6.5","0.3"
"Kentucky",".Under 19 years","1064","5","1027","6","96.6","0.4","585","12","55","1.1000000000000001","523","12","49.2","1.2","60","7","5.7","0.6","28","4","2.6","0.4","501","14","47.1","1.2","498","14","46.8","1.2","57","5","5.4","0.5","7","1","0.7","0.1","1","Z","0.1","Z","5","1","0.5","0.1","2","1","0.2","0.1","37","4","3.4","0.4"
"Kentucky",".19 - 64 years","2597","6","2396","11","92.3","0.3","1772","17","68.2","0.6","1590","16","61.2","0.6","216","7","8.3000000000000007","0.3","53","5","2","0.2","747","17","28.8","0.6","635","16","24.4","0.6","75","5","2.9","0.2","134","6","5.2","0.2","28","3","1.1000000000000001","0.1","63","4","2.4","0.2","51","4","2","0.2","201","9","7.7","0.3"
"Kentucky",".65 years and over","782","3","778","3","99.5","0.1","431","7","55.2","0.9","234","7","29.9","0.8","235","6","30.1","0.8","41","4","5.3","0.5","758","3","97","0.3","112","5","14.3","0.6","45","3","5.8","0.4","758","3","97","0.3","411","7","52.6","0.9","112","5","14.3","0.6","60","4","7.6","0.5","4","1","0.5","0.1"
"Louisiana","All people","4478","3","4168","14","93.1","0.3","2583","29","57.7","0.7","2120","30","47.3","0.7","543","15","12.1","0.3","120","6","2.7","0.1","2146","27","47.9","0.6","1449","27","32.299999999999997","0.6","194","12","4.3","0.3","879","8","19.600000000000001","0.2","398","9","8.9","0.2","219","7","4.9000000000000004","0.2","101","5","2.2999999999999998","0.1","310","14","6.9","0.3"
"Louisiana",".Under 65 years","3704","4","3399","13","91.8","0.4","2191","29","59.1","0.8","1889","30","51","0.8","348","14","9.4","0.4","76","5","2.1","0.1","1402","27","37.799999999999997","0.7","1309","26","35.299999999999997","0.7","151","11","4.0999999999999996","0.3","135","7","3.6","0.2","30","3","0.8","0.1","80","6","2.1","0.1","51","4","1.4","0.1","305","14","8.1999999999999993","0.4"
"Louisiana",".Under 19 years","1127","5","1078","7","95.7","0.5","534","16","47.4","1.4","458","16","40.700000000000003","1.4","75","7","6.7","0.6","27","4","2.4","0.3","613","15","54.4","1.4","609","16","54.1","1.4","66","8","5.9","0.7","6","2","0.5","0.2","2","1","0.1","0.1","4","1","0.4","0.1","2","1","0.2","0.1","48","6","4.3","0.5"
"Louisiana",".19 - 64 years","2578","7","2321","12","90","0.4","1657","19","64.3","0.7","1431","20","55.5","0.8","272","11","10.6","0.4","49","4","1.9","0.2","789","17","30.6","0.7","700","16","27.1","0.6","85","7","3.3","0.3","129","7","5","0.3","28","3","1.1000000000000001","0.1","76","5","2.9","0.2","50","4","1.9","0.2","257","11","10","0.4"
"Louisiana",".65 years and over","773","3","769","3","99.4","0.2","393","8","50.8","1","231","8","29.9","0.9","195","7","25.2","0.9","44","4","5.7","0.5","744","4","96.2","0.4","140","5","18.100000000000001","0.7","43","3","5.6","0.4","744","4","96.2","0.4","368","8","47.6","1","140","5","18.100000000000001","0.7","49","3","6.4","0.4","5","1","0.6","0.2"
"Maine","All people","1378","1","1297","5","94.1","0.4","930","12","67.5","0.8","737","11","53.4","0.8","211","8","15.3","0.6","42","4","3","0.3","577","11","41.9","0.8","293","11","21.3","0.8","59","4","4.3","0.3","341","4","24.7","0.3","163","5","11.8","0.4","73","4","5.3","0.3","47","3","3.4","0.2","81","5","5.9","0.4"
"Maine",".Under 65 years","1069","2","989","6","92.5","0.5","767","11","71.8","1","656","11","61.4","1","121","7","11.3","0.7","21","3","2","0.3","278","11","26","1","246","11","23","1","40","4","3.7","0.3","42","4","3.9","0.3","10","1","0.9","0.1","25","2","2.4","0.2","20","2","1.9","0.2","80","5","7.5","0.5"
"Maine",".Under 19 years","261","2","250","3","95.8","0.8","171","6","65.400000000000006","2.4","150","6","57.5","2.1","22","3","8.5","1.2","4","1","1.6","0.5","96","6","36.700000000000003","2.1","94","6","36","2.2000000000000002","16","2","6.2","0.7","2","1","0.8","0.4","1","Z","0.2","0.1","Z","Z","0.1","0.1","Z","Z","0.1","0.1","11","2","4.2","0.8"
"Maine",".19 - 64 years","808","3","739","5","91.4","0.5","596","7","73.8","0.8","506","7","62.6","0.9","99","6","12.3","0.7","17","2","2.1","0.3","182","7","22.6","0.9","152","7","18.8","0.9","24","3","3","0.3","40","3","4.9000000000000004","0.4","9","1","1.1000000000000001","0.2","25","2","3.1","0.3","20","2","2.5","0.3","69","4","8.6","0.5"
"Maine",".65 years and over","309","1","308","1","99.6","0.2","163","5","52.7","1.7","81","4","26.1","1.3","89","4","28.9","1.4","21","2","6.7","0.7","299","2","96.6","0.6","48","3","15.4","0.8","19","2","6.1","0.6","299","2","96.6","0.6","154","5","49.7","1.6","48","3","15.4","0.8","27","2","8.6","0.6","1","1","0.4","0.2"
"Maryland","All people","6087","4","5706","15","93.7","0.3","4451","29","73.099999999999994","0.5","3765","33","61.9","0.5","812","19","13.3","0.3","220","13","3.6","0.2","2108","27","34.6","0.4","1162","26","19.100000000000001","0.4","203","12","3.3","0.2","1078","9","17.7","0.2","673","9","11.1","0.1","193","9","3.2","0.1","124","6","2","0.1","381","15","6.3","0.3"
"Maryland",".Under 65 years","5045","4","4672","15","92.6","0.3","3740","28","74.099999999999994","0.6","3262","31","64.7","0.6","516","17","10.199999999999999","0.3","155","11","3.1","0.2","1143","27","22.7","0.5","1028","25","20.399999999999999","0.5","141","11","2.8","0.2","116","8","2.2999999999999998","0.2","34","4","0.7","0.1","60","5","1.2","0.1","69","5","1.4","0.1","373","15","7.4","0.3"
"Maryland",".Under 19 years","1437","5","1370","10","95.3","0.6","948","15","66","1","828","15","57.6","1","109","8","7.6","0.6","54","6","3.7","0.4","482","15","33.6","1","472","14","32.799999999999997","1","59","6","4.0999999999999996","0.5","17","4","1.2","0.3","2","1","0.2","0.1","7","2","0.5","0.2","3","1","0.2","0.1","67","8","4.7","0.6"
"Maryland",".19 - 64 years","3608","7","3302","12","91.5","0.3","2792","19","77.400000000000006","0.5","2434","21","67.5","0.6","407","13","11.3","0.4","101","6","2.8","0.2","661","16","18.3","0.5","557","15","15.4","0.4","82","7","2.2999999999999998","0.2","99","6","2.7","0.2","31","4","0.9","0.1","52","5","1.5","0.1","66","5","1.8","0.1","306","11","8.5","0.3"
"Maryland",".65 years and over","1042","3","1034","3","99.2","0.1","711","9","68.2","0.9","503","10","48.3","0.9","296","8","28.4","0.8","65","4","6.3","0.4","964","5","92.5","0.4","133","7","12.8","0.6","62","4","6","0.4","963","5","92.4","0.4","640","9","61.4","0.8","133","7","12.8","0.6","55","3","5.3","0.3","8","2","0.8","0.1"
"Massachusetts","All people","6934","2","6755","12","97.4","0.2","5071","33","73.099999999999994","0.5","4314","35","62.2","0.5","958","23","13.8","0.3","83","7","1.2","0.1","2632","33","38","0.5","1623","32","23.4","0.5","298","12","4.3","0.2","1296","10","18.7","0.1","720","11","10.4","0.2","317","10","4.5999999999999996","0.1","98","5","1.4","0.1","179","13","2.6","0.2"
"Massachusetts",".Under 65 years","5675","2","5505","12","97","0.2","4303","31","75.8","0.6","3842","35","67.7","0.6","570","20","10","0.4","44","6","0.8","0.1","1459","32","25.7","0.6","1391","32","24.5","0.6","219","11","3.9","0.2","125","8","2.2000000000000002","0.1","30","3","0.5","0.1","86","6","1.5","0.1","37","4","0.7","0.1","171","12","3","0.2"
"Massachusetts",".Under 19 years","1436","4","1415","6","98.5","0.3","998","15","69.5","1","909","15","63.3","1.1000000000000001","105","8","7.3","0.6","13","3","0.9","0.2","508","16","35.4","1.1000000000000001","505","16","35.200000000000003","1.1000000000000001","88","7","6.2","0.5","7","2","0.5","0.1","2","1","0.1","0.1","5","2","0.4","0.1","2","1","0.1","0.1","21","4","1.5","0.3"
"Massachusetts",".19 - 64 years","4239","5","4089","11","96.5","0.3","3305","22","78","0.5","2933","25","69.2","0.6","465","16","11","0.4","30","4","0.7","0.1","951","20","22.4","0.5","887","20","20.9","0.5","131","7","3.1","0.2","118","7","2.8","0.2","29","3","0.7","0.1","80","6","1.9","0.1","35","4","0.8","0.1","150","11","3.5","0.3"
"Massachusetts",".65 years and over","1259","1","1250","2","99.3","0.1","768","11","61","0.9","472","10","37.5","0.8","388","9","30.8","0.7","39","4","3.1","0.3","1173","6","93.2","0.5","231","8","18.399999999999999","0.6","79","5","6.3","0.4","1171","6","93.1","0.5","689","10","54.8","0.8","231","8","18.399999999999999","0.6","61","4","4.8","0.3","8","2","0.7","0.1"
"Michigan","All people","9932","1","9483","14","95.5","0.1","6940","30","69.900000000000006","0.3","5931","35","59.7","0.4","1261","21","12.7","0.2","134","7","1.4","0.1","4106","32","41.3","0.3","2369","32","23.9","0.3","445","15","4.5","0.1","2078","10","20.9","0.1","1220","11","12.3","0.1","398","10","4","0.1","182","6","1.8","0.1","448","14","4.5","0.1"
"Michigan",".Under 65 years","8041","3","7601","14","94.5","0.2","5736","29","71.3","0.4","5144","32","64","0.4","708","19","8.8000000000000007","0.2","76","6","0.9","0.1","2278","31","28.3","0.4","2115","32","26.3","0.4","331","14","4.0999999999999996","0.2","251","9","3.1","0.1","71","5","0.9","0.1","143","6","1.8","0.1","76","5","1","0.1","440","14","5.5","0.2"
"Michigan",".Under 19 years","2242","5","2175","8","97","0.3","1458","17","65","0.8","1340","18","59.8","0.8","130","8","5.8","0.3","26","3","1.1000000000000001","0.1","882","18","39.299999999999997","0.8","875","18","39","0.8","163","9","7.3","0.4","14","3","0.6","0.1","3","1","0.1","Z","9","3","0.4","0.1","3","1","0.1","0.1","66","6","3","0.3"
"Michigan",".19 - 64 years","5799","6","5426","13","93.6","0.2","4278","21","73.8","0.4","3805","24","65.599999999999994","0.4","578","15","10","0.3","50","4","0.9","0.1","1396","20","24.1","0.3","1240","20","21.4","0.3","167","8","2.9","0.1","237","8","4.0999999999999996","0.1","68","4","1.2","0.1","134","5","2.2999999999999998","0.1","74","5","1.3","0.1","374","11","6.4","0.2"
"Michigan",".65 years and over","1891","3","1882","3","99.6","0.1","1204","10","63.7","0.5","787","10","41.6","0.5","553","11","29.2","0.6","59","3","3.1","0.2","1828","5","96.7","0.2","255","7","13.5","0.4","115","5","6.1","0.3","1827","5","96.6","0.2","1149","10","60.8","0.5","255","7","13.5","0.4","106","5","5.6","0.2","8","2","0.4","0.1"
"Minnesota","All people","5678","1","5440","10","95.8","0.2","4260","27","75","0.5","3496","25","61.6","0.4","907","17","16","0.3","84","7","1.5","0.1","1992","24","35.1","0.4","1047","25","18.399999999999999","0.4","194","10","3.4","0.2","1038","7","18.3","0.1","633","9","11.2","0.2","130","5","2.2999999999999998","0.1","128","4","2.2999999999999998","0.1","238","11","4.2","0.2"
"Minnesota",".Under 65 years","4688","3","4453","11","95","0.2","3615","26","77.099999999999994","0.6","3250","24","69.3","0.5","448","16","9.6","0.4","50","6","1.1000000000000001","0.1","1043","24","22.2","0.5","959","24","20.5","0.5","158","10","3.4","0.2","89","5","1.9","0.1","26","2","0.6","Z","43","3","0.9","0.1","45","3","1","0.1","235","11","5","0.2"
"Minnesota",".Under 19 years","1370","4","1324","7","96.6","0.4","973","15","71","1.1000000000000001","892","14","65.099999999999994","1","92","6","6.7","0.5","18","3","1.3","0.2","438","15","32","1","436","14","31.8","1","86","7","6.3","0.5","3","1","0.3","0.1","1","1","0.1","Z","2","1","0.2","0.1","2","1","0.1","Z","46","5","3.4","0.4"
"Minnesota",".19 - 64 years","3318","5","3130","10","94.3","0.2","2642","16","79.599999999999994","0.5","2359","16","71.099999999999994","0.5","357","13","10.7","0.4","32","4","1","0.1","605","14","18.2","0.4","523","13","15.8","0.4","72","5","2.2000000000000002","0.1","86","5","2.6","0.1","25","2","0.8","0.1","40","3","1.2","0.1","43","3","1.3","0.1","189","8","5.7","0.2"
"Minnesota",".65 years and over","990","3","987","3","99.7","0.1","645","8","65.2","0.8","245","6","24.8","0.6","458","9","46.3","0.9","35","3","3.5","0.3","949","4","95.9","0.3","88","4","8.9","0.4","36","2","3.6","0.2","948","4","95.8","0.3","607","8","61.3","0.8","88","4","8.9","0.4","84","3","8.5","0.3","3","1","0.3","0.1"
"Mississippi","All people","2874","2","2577","14","89.7","0.5","1784","22","62.1","0.8","1360","23","47.3","0.8","461","15","16","0.5","115","8","4","0.3","1151","18","40.1","0.6","676","20","23.5","0.7","105","7","3.6","0.3","583","7","20.3","0.2","268","6","9.3000000000000007","0.2","144","7","5","0.2","86","5","3","0.2","297","14","10.3","0.5"
"Mississippi",".Under 65 years","2375","3","2080","14","87.6","0.6","1532","21","64.5","0.9","1261","22","53.1","0.9","305","13","12.8","0.6","74","7","3.1","0.3","665","18","28","0.8","581","18","24.5","0.8","71","7","3","0.3","98","6","4.0999999999999996","0.3","28","3","1.2","0.1","49","4","2.1","0.2","45","4","1.9","0.2","294","14","12.4","0.6"
"Mississippi",".Under 19 years","719","4","675","7","94","0.8","357","12","49.7","1.6","288","11","40","1.5","67","7","9.4","1","25","4","3.5","0.6","350","12","48.7","1.6","347","12","48.3","1.6","30","5","4.2","0.6","5","2","0.8","0.2","2","1","0.3","0.2","3","1","0.5","0.2","2","1","0.2","0.1","43","6","6","0.8"
"Mississippi",".19 - 64 years","1656","5","1405","12","84.8","0.7","1175","14","71","0.8","973","16","58.8","0.9","238","10","14.4","0.6","48","4","2.9","0.3","316","11","19.100000000000001","0.7","234","10","14.1","0.6","41","4","2.5","0.3","92","6","5.6","0.3","25","3","1.5","0.2","46","4","2.8","0.3","44","4","2.6","0.3","251","11","15.2","0.7"
"Mississippi",".65 years and over","500","3","497","3","99.4","0.2","251","6","50.3","1.1000000000000001","99","5","19.899999999999999","1","155","5","31.1","1.1000000000000001","41","4","8.3000000000000007","0.7","486","3","97.2","0.4","95","4","19","0.8","34","3","6.8","0.5","485","3","97.2","0.4","240","6","48.1","1.1000000000000001","95","4","19","0.8","40","3","8","0.6","3","1","0.6","0.2"
"Missouri","All people","6095","2","5636","19","92.5","0.3","4167","30","68.400000000000006","0.5","3445","30","56.5","0.5","802","17","13.2","0.3","169","10","2.8","0.2","2195","25","36","0.4","1077","23","17.7","0.4","161","10","2.6","0.2","1222","10","20.100000000000001","0.2","565","9","9.3000000000000007","0.1","171","8","2.8","0.1","169","8","2.8","0.1","458","19","7.5","0.3"
"Missouri",".Under 65 years","4992","4","4538","18","90.9","0.4","3609","27","72.3","0.6","3172","28","63.5","0.6","485","16","9.6999999999999993","0.3","110","9","2.2000000000000002","0.2","1133","24","22.7","0.5","977","22","19.600000000000001","0.4","124","9","2.5","0.2","161","9","3.2","0.2","43","4","0.9","0.1","72","6","1.4","0.1","81","6","1.6","0.1","454","18","9.1","0.4"
"Missouri",".Under 19 years","1445","5","1368","10","94.6","0.6","901","15","62.3","1","799","16","55.3","1.1000000000000001","97","6","6.7","0.4","39","6","2.7","0.4","533","14","36.9","0.9","528","13","36.5","0.9","64","7","4.5","0.5","7","2","0.5","0.1","2","1","0.1","0.1","4","1","0.3","0.1","3","1","0.2","0.1","78","8","5.4","0.6"
"Missouri",".19 - 64 years","3547","6","3171","14","89.4","0.4","2708","18","76.3","0.5","2373","19","66.900000000000006","0.5","389","12","11","0.3","71","6","2","0.2","600","15","16.899999999999999","0.4","449","13","12.6","0.4","59","5","1.7","0.1","154","8","4.3","0.2","41","3","1.2","0.1","68","5","1.9","0.1","78","6","2.2000000000000002","0.2","376","14","10.6","0.4"
"Missouri",".65 years and over","1102","3","1098","3","99.6","0.1","558","9","50.6","0.8","273","6","24.8","0.6","316","8","28.7","0.7","59","3","5.4","0.3","1062","4","96.4","0.3","100","5","9.1","0.5","38","3","3.4","0.3","1061","4","96.2","0.3","522","8","47.4","0.8","100","5","9.1","0.5","88","4","8","0.3","5","1","0.4","0.1"
"Montana","All people","1115","1","1021","7","91.6","0.6","729","11","65.400000000000006","0.9","542","11","48.6","1","196","9","17.600000000000001","0.8","45","5","4.0999999999999996","0.4","459","8","41.1","0.7","235","9","21","0.8","38","4","3.4","0.3","238","3","21.3","0.2","129","4","11.5","0.4","31","3","2.8","0.3","43","3","3.8","0.3","94","7","8.4","0.6"
"Montana",".Under 65 years","889","2","796","6","89.5","0.8","600","10","67.5","1.1000000000000001","493","10","55.5","1.2","111","7","12.5","0.8","27","4","3.1","0.5","238","8","26.8","0.9","213","8","24","0.9","28","4","3.1","0.4","18","2","2","0.2","5","1","0.5","0.1","9","2","1.1000000000000001","0.2","21","3","2.4","0.3","93","7","10.5","0.8"
"Montana",".Under 19 years","248","2","231","3","93.2","1.2","145","4","58.7","1.9","121","5","48.8","2","22","3","8.8000000000000007","1.4","9","2","3.5","0.8","97","5","39.1","1.9","97","5","39.1","1.9","11","3","4.5999999999999996","1.1000000000000001","Z","Z","0.2","0.1","Z","Z","0.1","0.1","Z","Z","0.1","0.1","Z","Z","Z","Z","17","3","6.8","1.2"
"Montana",".19 - 64 years","641","2","565","6","88.1","0.8","454","8","70.900000000000006","1.2","372","8","58","1.3","89","5","13.9","0.8","19","3","3","0.5","141","6","22","0.9","117","5","18.2","0.8","17","2","2.6","0.3","18","2","2.8","0.3","4","1","0.7","0.2","9","2","1.4","0.3","21","3","3.3","0.4","76","5","11.9","0.8"
"Montana",".65 years and over","227","1","226","1","99.6","0.2","129","4","57.1","1.8","49","3","21.5","1.4","86","4","37.799999999999997","1.6","18","2","7.8","1","220","2","97.2","0.5","21","2","9.4","0.9","10","1","4.5","0.6","220","2","97","0.5","124","4","54.7","1.7","21","2","9.4","0.9","22","2","9.6999999999999993","0.8","1","Z","0.4","0.2"
"Nebraska","All people","1952","1","1832","8","93.9","0.4","1445","14","74.099999999999994","0.7","1147","16","58.8","0.8","326","12","16.7","0.6","58","5","3","0.3","637","12","32.700000000000003","0.6","321","12","16.399999999999999","0.6","68","7","3.5","0.3","352","4","18","0.2","184","5","9.4","0.3","56","3","2.8","0.2","52","3","2.6","0.2","119","8","6.1","0.4"
"Nebraska",".Under 65 years","1622","3","1505","8","92.8","0.5","1258","13","77.5","0.8","1075","16","66.3","1","200","10","12.3","0.6","37","4","2.2999999999999998","0.3","323","12","19.899999999999999","0.7","288","12","17.8","0.7","54","6","3.3","0.4","37","3","2.2999999999999998","0.2","10","2","0.6","0.1","23","3","1.4","0.2","22","2","1.4","0.1","117","8","7.2","0.5"
"Nebraska",".Under 19 years","504","3","485","4","96.3","0.6","355","8","70.400000000000006","1.5","305","8","60.6","1.5","48","5","9.6","0.9","13","2","2.6","0.4","159","8","31.5","1.6","157","8","31.2","1.6","28","5","5.5","0.9","2","1","0.4","0.2","Z","Z","0.1","0.1","1","1","0.2","0.1","Z","Z","0.1","0.1","19","3","3.7","0.6"
"Nebraska",".19 - 64 years","1118","3","1019","7","91.2","0.6","903","9","80.7","0.8","770","11","68.900000000000006","1","152","7","13.6","0.6","24","3","2.1","0.3","164","7","14.7","0.6","131","7","11.7","0.6","26","3","2.2999999999999998","0.3","35","3","3.2","0.3","9","2","0.8","0.1","22","2","2","0.2","22","2","2","0.2","99","6","8.8000000000000007","0.6"
"Nebraska",".65 years and over","330","2","328","2","99.4","0.3","188","5","56.9","1.5","72","4","21.7","1.1000000000000001","126","4","38.200000000000003","1.3","21","2","6.4","0.7","315","3","95.4","0.6","33","3","9.9","0.8","14","2","4.3","0.5","314","3","95.3","0.5","174","5","52.9","1.5","33","3","9.9","0.8","29","2","8.9","0.7","2","1","0.6","0.3"
"Nevada","All people","3154","2","2813","17","89.2","0.5","2021","27","64.099999999999994","0.9","1677","24","53.2","0.8","389","16","12.3","0.5","121","10","3.8","0.3","1180","22","37.4","0.7","655","21","20.8","0.7","130","12","4.0999999999999996","0.4","576","6","18.3","0.2","250","7","7.9","0.2","94","6","3","0.2","101","6","3.2","0.2","341","17","10.8","0.5"
"Nevada",".Under 65 years","2604","3","2271","17","87.2","0.6","1765","25","67.8","1","1536","24","59","0.9","269","14","10.3","0.5","77","9","2.9","0.3","660","21","25.3","0.8","586","20","22.5","0.8","109","12","4.2","0.5","57","5","2.2000000000000002","0.2","17","3","0.6","0.1","26","3","1","0.1","52","5","2","0.2","333","17","12.8","0.6"
"Nevada",".Under 19 years","722","3","665","8","92.1","1","433","11","60","1.6","377","11","52.2","1.6","58","6","8.1","0.8","21","4","2.9","0.6","282","12","39","1.7","280","12","38.700000000000003","1.7","49","7","6.8","1","3","1","0.4","0.1","Z","Z","0.1","0.1","2","1","0.3","0.1","2","1","0.3","0.1","57","7","7.9","1"
"Nevada",".19 - 64 years","1882","4","1606","13","85.4","0.6","1332","17","70.8","0.9","1159","16","61.6","0.8","211","11","11.2","0.6","56","6","3","0.3","378","13","20.100000000000001","0.7","306","12","16.3","0.6","60","7","3.2","0.3","54","5","2.9","0.3","16","3","0.9","0.1","23","3","1.2","0.2","50","4","2.7","0.2","275","12","14.6","0.6"
"Nevada",".65 years and over","550","2","542","3","98.5","0.4","256","7","46.6","1.3","141","6","25.6","1","120","6","21.9","1","44","3","8","0.6","520","4","94.5","0.6","69","5","12.5","0.9","22","2","3.9","0.4","519","4","94.4","0.6","234","7","42.5","1.2","69","5","12.5","0.9","49","3","8.9","0.6","8","2","1.5","0.4"
"New Hampshire","All people","1386","1","1320","6","95.3","0.4","1052","12","75.900000000000006","0.8","864","13","62.4","0.9","220","10","15.9","0.7","27","3","2","0.2","462","10","33.299999999999997","0.7","183","9","13.2","0.7","32","4","2.2999999999999998","0.3","300","4","21.6","0.3","166","5","12","0.4","32","3","2.2999999999999998","0.2","33","3","2.4","0.2","66","6","4.7","0.4"
"New Hampshire",".Under 65 years","1105","2","1040","6","94.1","0.5","883","11","79.900000000000006","1","771","12","69.8","1.1000000000000001","127","8","11.5","0.8","14","2","1.2","0.2","195","10","17.600000000000001","0.9","164","9","14.8","0.8","23","3","2.1","0.3","33","3","3","0.3","10","2","0.9","0.2","13","2","1.1000000000000001","0.2","13","2","1.2","0.2","65","6","5.9","0.5"
"New Hampshire",".Under 19 years","269","2","260","3","96.6","0.9","192","5","71.3","2","170","6","63.1","2.2999999999999998","24","4","8.9","1.4","3","1","1.1000000000000001","0.4","80","6","29.8","2.1","79","6","29.5","2.1","12","3","4.4000000000000004","1","2","2","0.8","0.6","Z","Z","Z","Z","1","2","0.5","0.6","D","D","D","D","9","2","3.4","0.9"
"New Hampshire",".19 - 64 years","836","3","780","5","93.3","0.6","691","8","82.7","0.9","601","9","71.900000000000006","1","103","7","12.3","0.8","10","2","1.3","0.2","115","6","13.7","0.8","84","5","10.1","0.6","11","2","1.4","0.2","31","3","3.7","0.3","10","2","1.2","0.2","11","2","1.3","0.2","D","D","D","D","56","5","6.7","0.6"
"New Hampshire",".65 years and over","281","2","280","2","99.8","0.1","169","5","60.1","1.7","93","5","33.200000000000003","1.6","94","5","33.299999999999997","1.6","14","2","4.9000000000000004","0.7","267","2","95","0.6","20","3","7","0.9","9","2","3.3","0.6","267","2","94.9","0.6","155","5","55.3","1.8","20","3","7","0.9","20","2","7","0.7","1","Z","0.2","0.1"
"New Jersey","All people","9204","1","8542","21","92.8","0.2","6454","34","70.099999999999994","0.4","5546","40","60.3","0.4","1127","19","12.2","0.2","78","8","0.8","0.1","3140","26","34.1","0.3","1734","29","18.8","0.3","249","12","2.7","0.1","1651","11","17.899999999999999","0.1","864","12","9.4","0.1","278","10","3","0.1","88","5","1","0.1","662","21","7.2","0.2"
"New Jersey",".Under 65 years","7593","2","6950","21","91.5","0.3","5540","33","73","0.4","4940","38","65.099999999999994","0.5","721","19","9.5","0.3","48","7","0.6","0.1","1640","26","21.6","0.3","1525","27","20.100000000000001","0.3","178","11","2.2999999999999998","0.1","152","8","2","0.1","42","4","0.6","0.1","68","5","0.9","0.1","40","3","0.5","Z","643","21","8.5","0.3"
"New Jersey",".Under 19 years","2125","5","2038","8","95.9","0.3","1393","17","65.5","0.8","1258","18","59.2","0.8","151","8","7.1","0.4","16","4","0.7","0.2","726","17","34.200000000000003","0.8","720","17","33.9","0.8","80","8","3.8","0.4","11","2","0.5","0.1","1","1","0.1","Z","6","2","0.3","0.1","2","1","0.1","0.1","88","7","4.0999999999999996","0.3"
"New Jersey",".19 - 64 years","5467","5","4912","19","89.8","0.3","4146","24","75.8","0.4","3682","26","67.3","0.5","570","15","10.4","0.3","32","4","0.6","0.1","914","16","16.7","0.3","805","16","14.7","0.3","98","7","1.8","0.1","141","8","2.6","0.1","41","4","0.7","0.1","63","5","1.1000000000000001","0.1","38","3","0.7","0.1","555","17","10.199999999999999","0.3"
"New Jersey",".65 years and over","1611","2","1592","3","98.8","0.2","915","12","56.8","0.7","607","11","37.700000000000003","0.7","406","10","25.2","0.6","30","3","1.8","0.2","1501","6","93.1","0.4","209","7","13","0.5","71","5","4.4000000000000004","0.3","1499","6","93","0.4","822","11","51","0.7","209","7","13","0.5","48","4","3","0.2","19","3","1.2","0.2"
"New Mexico","All people","2076","2","1888","11","90.9","0.5","1122","20","54.1","0.9","897","20","43.2","1","240","10","11.6","0.5","89","7","4.3","0.3","1084","18","52.2","0.9","710","18","34.200000000000003","0.9","109","9","5.2","0.4","457","6","22","0.3","223","7","10.7","0.3","106","6","5.0999999999999996","0.3","65","4","3.1","0.2","189","11","9.1","0.5"
"New Mexico",".Under 65 years","1659","4","1474","12","88.9","0.6","901","19","54.3","1.1000000000000001","766","20","46.1","1.1000000000000001","135","9","8.1","0.5","53","6","3.2","0.4","682","18","41.1","1.1000000000000001","634","18","38.200000000000003","1.1000000000000001","84","8","5.0999999999999996","0.5","55","5","3.3","0.3","13","3","0.8","0.2","31","3","1.9","0.2","31","4","1.9","0.2","185","11","11.1","0.6"
"New Mexico",".Under 19 years","478","4","450","6","94.1","0.9","195","9","40.700000000000003","1.8","162","9","33.799999999999997","1.8","24","4","5","0.9","18","3","3.9","0.7","290","9","60.7","1.9","289","9","60.5","1.9","35","5","7.3","1.1000000000000001","3","2","0.7","0.3","1","1","0.1","0.1","2","1","0.4","0.3","1","1","0.1","0.1","28","4","5.9","0.9"
"New Mexico",".19 - 64 years","1181","5","1025","10","86.7","0.7","706","14","59.8","1.2","604","15","51.1","1.2","111","6","9.4","0.5","34","4","2.9","0.4","392","13","33.200000000000003","1.1000000000000001","345","12","29.2","1.1000000000000001","49","5","4.2","0.4","52","4","4.4000000000000004","0.4","13","3","1.1000000000000001","0.2","29","3","2.4","0.3","31","4","2.6","0.3","157","8","13.3","0.7"
"New Mexico",".65 years and over","417","2","413","3","99.1","0.3","222","6","53.1","1.4","132","6","31.6","1.4","105","5","25.2","1.2","36","3","8.6","0.8","402","3","96.3","0.5","75","5","18.100000000000001","1.2","25","3","5.9","0.6","401","3","96.2","0.5","210","6","50.3","1.4","75","5","18.100000000000001","1.2","34","3","8.1","0.6","4","1","0.9","0.3"
"New York","All people","19370","2","18430","26","95.2","0.1","12620","52","65.099999999999994","0.3","10630","54","54.9","0.3","2563","40","13.2","0.2","178","9","0.9","Z","8394","48","43.3","0.2","5574","52","28.8","0.3","921","27","4.8","0.1","3806","16","19.600000000000001","0.1","1886","20","9.6999999999999993","0.1","1058","18","5.5","0.1","239","8","1.2","Z","938","26","4.8","0.1"
"New York",".Under 65 years","15830","4","14920","27","94.2","0.2","10710","51","67.599999999999994","0.3","9279","53","58.6","0.3","1771","39","11.2","0.2","111","9","0.7","0.1","5025","50","31.7","0.3","4774","49","30.2","0.3","685","25","4.3","0.2","439","13","2.8","0.1","122","6","0.8","Z","258","10","1.6","0.1","96","6","0.6","Z","912","27","5.8","0.2"
"New York",".Under 19 years","4203","9","4084","14","97.2","0.2","2517","26","59.9","0.6","2137","29","50.8","0.7","443","20","10.5","0.5","39","5","0.9","0.1","1876","26","44.6","0.6","1859","27","44.2","0.6","305","15","7.3","0.4","33","4","0.8","0.1","6","2","0.1","Z","17","3","0.4","0.1","3","1","0.1","Z","120","9","2.8","0.2"
"New York",".19 - 64 years","11630","10","10840","23","93.2","0.2","8189","37","70.400000000000006","0.3","7142","36","61.4","0.3","1328","28","11.4","0.2","71","6","0.6","Z","3149","32","27.1","0.3","2915","32","25.1","0.3","379","15","3.3","0.1","406","12","3.5","0.1","115","5","1","Z","242","9","2.1","0.1","93","6","0.8","Z","792","22","6.8","0.2"
"New York",".65 years and over","3539","4","3512","5","99.2","0.1","1910","19","54","0.5","1354","18","38.200000000000003","0.5","792","14","22.4","0.4","68","4","1.9","0.1","3369","8","95.2","0.2","799","14","22.6","0.4","237","9","6.7","0.3","3367","8","95.1","0.2","1765","20","49.9","0.6","799","14","22.6","0.4","143","5","4","0.2","27","3","0.8","0.1"
"North Carolina","All people","10620","5","9643","26","90.8","0.3","7148","50","67.3","0.5","5574","46","52.5","0.4","1626","28","15.3","0.3","502","22","4.7","0.2","3871","39","36.4","0.4","2031","37","19.100000000000001","0.3","365","14","3.4","0.1","2064","13","19.399999999999999","0.1","1038","17","9.8000000000000007","0.2","366","12","3.4","0.1","307","11","2.9","0.1","981","27","9.1999999999999993","0.3"
"North Carolina",".Under 65 years","8748","6","7781","27","89","0.3","6133","47","70.099999999999994","0.5","5040","45","57.6","0.5","1070","28","12.2","0.3","358","20","4.0999999999999996","0.2","2064","39","23.6","0.4","1794","36","20.5","0.4","265","13","3","0.1","259","11","3","0.1","77","8","0.9","0.1","129","9","1.5","0.1","166","9","1.9","0.1","966","27","11","0.3"
"North Carolina",".Under 19 years","2462","7","2334","12","94.8","0.4","1415","22","57.5","0.9","1157","21","47","0.8","195","10","7.9","0.4","132","10","5.4","0.4","1033","22","41.9","0.9","1020","22","41.4","0.9","109","8","4.4000000000000004","0.3","22","5","0.9","0.2","6","4","0.3","0.2","12","4","0.5","0.2","5","2","0.2","0.1","129","10","5.2","0.4"
"North Carolina",".19 - 64 years","6285","9","5448","24","86.7","0.3","4718","32","75.099999999999994","0.5","3883","33","61.8","0.5","875","21","13.9","0.3","226","13","3.6","0.2","1031","24","16.399999999999999","0.4","775","19","12.3","0.3","155","8","2.5","0.1","237","10","3.8","0.2","71","6","1.1000000000000001","0.1","117","8","1.9","0.1","160","9","2.5","0.1","838","22","13.3","0.3"
"North Carolina",".65 years and over","1875","5","1861","5","99.2","0.1","1015","15","54.1","0.8","534","10","28.5","0.5","556","12","29.7","0.6","144","6","7.7","0.3","1807","7","96.4","0.2","237","9","12.6","0.5","101","6","5.4","0.3","1805","7","96.2","0.3","961","15","51.2","0.8","237","9","12.6","0.5","141","6","7.5","0.3","14","2","0.8","0.1"
"North Dakota","All people","764","2","729","4","95.5","0.5","617","8","80.8","1","483","9","63.2","1.2","142","7","18.600000000000001","0.9","36","5","4.7","0.6","224","7","29.3","0.9","97","7","12.8","0.9","25","3","3.3","0.4","134","2","17.5","0.3","87","3","11.4","0.4","17","2","2.2000000000000002","0.2","22","2","2.9","0.3","34","4","4.5","0.5"
"North Dakota",".Under 65 years","637","2","603","4","94.7","0.6","531","7","83.3","1.1000000000000001","452","9","71","1.4","82","6","12.9","0.9","25","4","4","0.7","100","7","15.7","1.2","86","7","13.6","1.1000000000000001","19","3","2.9","0.5","10","1","1.6","0.2","3","1","0.5","0.1","5","1","0.9","0.2","10","2","1.5","0.2","34","4","5.3","0.6"
"North Dakota",".Under 19 years","190","3","184","3","96.4","0.7","151","4","79.099999999999994","2","129","5","67.7","2.5","19","3","10.1","1.6","10","2","5","1.1000000000000001","43","4","22.4","2.2000000000000002","43","4","22.4","2.2000000000000002","10","2","5.0999999999999996","1.1000000000000001","Z","Z","Z","Z","D","D","D","D","Z","Z","Z","Z","0","0","0","0","7","1","3.6","0.7"
"North Dakota",".19 - 64 years","446","3","419","4","93.9","0.7","380","5","85.1","1","323","6","72.400000000000006","1.3","63","4","14.2","1","16","3","3.5","0.6","57","5","12.8","1","44","4","9.8000000000000007","0.9","9","2","2","0.4","10","1","2.2999999999999998","0.3","D","D","D","D","5","1","1.2","0.3","10","2","2.2000000000000002","0.3","27","3","6.1","0.7"
"North Dakota",".65 years and over","127","1","126","1","99.6","0.2","86","3","68","2.5","31","2","24.3","1.7","60","3","47","2.4","11","2","8.4","1.4","124","2","97.6","0.6","11","1","8.8000000000000007","1","6","1","4.8","0.8","124","2","97.4","0.6","84","3","66","2.5","11","1","8.8000000000000007","1","12","2","9.6","1.2","1","Z","0.4","0.2"
"Ohio","All people","11620","3","10900","20","93.9","0.2","7816","42","67.3","0.4","6668","44","57.4","0.4","1395","25","12","0.2","206","10","1.8","0.1","4557","37","39.200000000000003","0.3","2508","38","21.6","0.3","376","14","3.2","0.1","2329","12","20.100000000000001","0.1","1131","15","9.6999999999999993","0.1","379","12","3.3","0.1","264","10","2.2999999999999998","0.1","713","20","6.1","0.2"
"Ohio",".Under 65 years","9475","5","8774","20","92.6","0.2","6670","41","70.400000000000006","0.4","6028","45","63.6","0.5","775","21","8.1999999999999993","0.2","130","9","1.4","0.1","2510","37","26.5","0.4","2276","37","24","0.4","293","13","3.1","0.1","285","10","3","0.1","68","5","0.7","0.1","146","7","1.5","0.1","121","9","1.3","0.1","701","20","7.4","0.2"
"Ohio",".Under 19 years","2732","7","2596","12","95.1","0.4","1705","22","62.4","0.8","1562","23","57.2","0.9","151","9","5.5","0.3","41","5","1.5","0.2","1044","22","38.200000000000003","0.8","1036","23","37.9","0.8","149","10","5.5","0.4","15","4","0.5","0.1","3","1","0.1","Z","10","3","0.4","0.1","4","2","0.2","0.1","135","10","4.9000000000000004","0.4"
"Ohio",".19 - 64 years","6743","8","6177","16","91.6","0.2","4965","26","73.599999999999994","0.4","4466","29","66.2","0.4","623","18","9.1999999999999993","0.3","88","6","1.3","0.1","1466","21","21.7","0.3","1240","20","18.399999999999999","0.3","144","7","2.1","0.1","270","9","4","0.1","65","4","1","0.1","137","6","2","0.1","117","8","1.7","0.1","566","15","8.4","0.2"
"Ohio",".65 years and over","2141","4","2130","4","99.5","0.1","1147","13","53.6","0.6","640","12","29.9","0.6","620","11","29","0.5","77","5","3.6","0.2","2047","6","95.6","0.2","232","8","10.9","0.4","82","5","3.8","0.2","2044","6","95.5","0.2","1063","13","49.7","0.6","232","8","10.9","0.4","143","6","6.7","0.3","11","2","0.5","0.1"
"Oklahoma","All people","3967","2","3517","12","88.6","0.3","2441","21","61.5","0.5","1944","22","49","0.5","526","13","13.3","0.3","165","8","4.2","0.2","1599","18","40.299999999999997","0.5","915","19","23.1","0.5","140","6","3.5","0.2","745","5","18.8","0.1","377","6","9.5","0.1","119","5","3","0.1","136","5","3.4","0.1","450","12","11.4","0.3"
"Oklahoma",".Under 65 years","3311","3","2865","12","86.5","0.4","2072","19","62.6","0.6","1763","20","53.3","0.6","323","11","9.8000000000000007","0.3","104","7","3.1","0.2","964","18","29.1","0.5","845","18","25.5","0.5","113","6","3.4","0.2","113","4","3.4","0.1","26","2","0.8","0.1","50","4","1.5","0.1","69","4","2.1","0.1","446","12","13.5","0.4"
"Oklahoma",".Under 19 years","1027","2","950","5","92.5","0.5","526","10","51.2","1","444","10","43.3","1","72","5","7","0.4","35","3","3.5","0.3","486","11","47.3","1","478","11","46.6","1","59","4","5.7","0.4","10","2","1","0.2","1","1","0.1","0.1","6","2","0.6","0.2","5","1","0.5","0.1","77","5","7.5","0.5"
"Oklahoma",".19 - 64 years","2283","3","1915","10","83.9","0.4","1546","14","67.7","0.6","1319","16","57.8","0.7","251","8","11","0.4","69","5","3","0.2","479","11","21","0.5","367","10","16.100000000000001","0.5","54","3","2.4","0.1","103","4","4.5","0.2","25","2","1.1000000000000001","0.1","44","3","1.9","0.1","64","4","2.8","0.2","369","10","16.100000000000001","0.4"
"Oklahoma",".65 years and over","657","2","652","2","99.3","0.2","369","6","56.2","0.9","180","5","27.5","0.8","203","6","30.9","0.9","61","3","9.3000000000000007","0.5","634","3","96.6","0.3","69","3","10.6","0.5","28","2","4.2","0.3","633","3","96.3","0.3","351","5","53.4","0.8","69","3","10.6","0.5","67","3","10.199999999999999","0.5","5","1","0.7","0.2"
"Oregon","All people","4193","1","3963","12","94.5","0.3","2805","24","66.900000000000006","0.6","2288","25","54.6","0.6","595","15","14.2","0.4","87","6","2.1","0.2","1738","24","41.4","0.6","1000","24","23.9","0.6","178","10","4.3","0.2","868","6","20.7","0.2","430","8","10.3","0.2","168","7","4","0.2","111","5","2.7","0.1","230","12","5.5","0.3"
"Oregon",".Under 65 years","3378","3","3152","11","93.3","0.3","2371","23","70.2","0.7","2087","23","61.8","0.7","331","12","9.8000000000000007","0.4","43","5","1.3","0.1","952","24","28.2","0.7","880","22","26","0.7","134","9","4","0.3","83","5","2.5","0.2","23","2","0.7","0.1","47","4","1.4","0.1","47","4","1.4","0.1","227","11","6.7","0.3"
"Oregon",".Under 19 years","877","4","851","6","97","0.5","553","11","63","1.3","501","11","57.1","1.2","57","6","6.5","0.7","10","2","1.1000000000000001","0.2","358","10","40.799999999999997","1.2","356","10","40.6","1.2","59","5","6.7","0.6","3","1","0.4","0.1","2","1","0.2","0.1","2","1","0.2","0.1","1","Z","0.1","0.1","26","4","3","0.5"
"Oregon",".19 - 64 years","2501","5","2301","10","92","0.4","1819","18","72.7","0.7","1586","17","63.4","0.7","274","9","11","0.4","33","4","1.3","0.1","594","17","23.8","0.7","524","16","20.9","0.6","75","6","3","0.2","80","5","3.2","0.2","21","2","0.8","0.1","45","4","1.8","0.1","46","4","1.8","0.2","201","9","8","0.4"
"Oregon",".65 years and over","815","2","811","3","99.6","0.1","434","8","53.2","1","201","8","24.6","0.9","264","7","32.4","0.9","44","4","5.4","0.4","785","3","96.4","0.4","121","5","14.8","0.6","45","3","5.5","0.4","784","3","96.3","0.4","407","8","50","0.9","121","5","14.8","0.6","65","4","7.9","0.5","3","1","0.4","0.1"
"Pennsylvania","All people","12780","2","12090","24","94.6","0.2","8962","46","70.099999999999994","0.4","7390","47","57.8","0.4","1922","33","15","0.3","189","9","1.5","0.1","5047","39","39.5","0.3","2747","40","21.5","0.3","568","20","4.4000000000000004","0.2","2706","11","21.2","0.1","1475","16","11.5","0.1","491","11","3.8","0.1","246","8","1.9","0.1","692","24","5.4","0.2"
"Pennsylvania",".Under 65 years","10260","4","9587","24","93.4","0.2","7488","40","73","0.4","6642","45","64.7","0.4","1060","27","10.3","0.3","104","8","1","0.1","2636","39","25.7","0.4","2409","39","23.5","0.4","421","19","4.0999999999999996","0.2","296","10","2.9","0.1","91","6","0.9","0.1","154","7","1.5","0.1","106","6","1","0.1","677","23","6.6","0.2"
"Pennsylvania",".Under 19 years","2808","7","2661","14","94.8","0.4","1765","23","62.9","0.8","1590","24","56.6","0.9","214","11","7.6","0.4","31","5","1.1000000000000001","0.2","1103","24","39.299999999999997","0.8","1093","24","38.9","0.8","203","11","7.2","0.4","16","3","0.6","0.1","6","1","0.2","0.1","8","2","0.3","0.1","2","1","0.1","Z","147","12","5.2","0.4"
"Pennsylvania",".19 - 64 years","7456","8","6926","18","92.9","0.2","5723","26","76.8","0.3","5052","31","67.8","0.4","846","20","11.3","0.3","73","5","1","0.1","1532","22","20.6","0.3","1316","22","17.7","0.3","219","11","2.9","0.1","280","10","3.8","0.1","85","5","1.1000000000000001","0.1","147","6","2","0.1","104","6","1.4","0.1","530","16","7.1","0.2"
"Pennsylvania",".65 years and over","2516","3","2500","4","99.4","0.1","1474","15","58.6","0.6","748","13","29.7","0.5","862","13","34.299999999999997","0.5","85","5","3.4","0.2","2411","6","95.8","0.2","337","8","13.4","0.3","146","6","5.8","0.2","2409","6","95.8","0.2","1384","15","55","0.6","337","8","13.4","0.3","140","5","5.6","0.2","16","3","0.6","0.1"
"Rhode Island","All people","1080","1","1031","6","95.5","0.5","761","13","70.5","1.2","626","14","57.9","1.3","177","10","16.399999999999999","1","23","3","2.1","0.3","419","10","38.799999999999997","1","241","11","22.4","1","50","6","4.7","0.6","224","4","20.8","0.4","112","5","10.4","0.5","52","4","4.8","0.4","18","3","1.7","0.3","48","6","4.5","0.5"
"Rhode Island",".Under 65 years","875","2","828","6","94.6","0.6","650","13","74.3","1.4","565","14","64.599999999999994","1.6","111","9","12.7","1","13","2","1.5","0.3","226","11","25.8","1.2","208","10","23.8","1.2","37","6","4.3","0.7","30","4","3.5","0.4","10","2","1.1000000000000001","0.2","19","3","2.1","0.3","7","2","0.8","0.2","47","6","5.4","0.6"
"Rhode Island",".Under 19 years","221","2","214","3","96.7","1.1000000000000001","149","6","67.7","2.8","132","7","60","3.1","23","4","10.6","2","5","1","2.1","0.6","81","6","36.799999999999997","2.6","81","6","36.5","2.5","17","4","7.6","1.8","2","1","0.8","0.3","1","Z","0.3","0.2","1","1","0.5","0.3","D","D","D","D","7","2","3.3","1.1000000000000001"
"Rhode Island",".19 - 64 years","654","3","614","6","93.9","0.7","500","9","76.5","1.2","433","10","66.099999999999994","1.4","88","7","13.4","1","9","2","1.3","0.2","144","7","22.1","1.1000000000000001","128","7","19.5","1","20","3","3.1","0.5","29","4","4.4000000000000004","0.5","9","2","1.4","0.3","18","3","2.7","0.4","D","D","D","D","40","5","6.1","0.7"
"Rhode Island",".65 years and over","205","2","203","2","99.2","0.4","112","5","54.5","2.1","60","4","29.5","2","66","4","32.200000000000003","2.1","10","2","4.7","1","194","3","94.7","1.1000000000000001","33","3","16.2","1.5","13","2","6.4","1","194","3","94.6","1.1000000000000001","102","5","49.9","2.1","33","3","16.2","1.5","11","2","5.5","0.9","2","1","0.8","0.4"
"South Carolina","All people","5276","3","4796","15","90.9","0.3","3523","24","66.8","0.5","2705","30","51.3","0.6","861","22","16.3","0.4","274","16","5.2","0.3","2063","20","39.1","0.4","1056","20","20","0.4","205","10","3.9","0.2","1128","7","21.4","0.1","598","10","11.3","0.2","194","8","3.7","0.2","176","8","3.3","0.2","480","16","9.1","0.3"
"South Carolina",".Under 65 years","4259","5","3784","15","88.9","0.4","2945","23","69.099999999999994","0.6","2401","29","56.4","0.7","559","20","13.1","0.5","173","16","4.0999999999999996","0.4","1073","20","25.2","0.5","931","20","21.9","0.5","155","10","3.6","0.2","139","6","3.3","0.1","42","3","1","0.1","69","5","1.6","0.1","88","6","2.1","0.1","475","16","11.1","0.4"
"South Carolina",".Under 19 years","1214","5","1140","8","93.9","0.6","675","13","55.6","1","551","14","45.3","1.1000000000000001","104","9","8.5","0.7","60","8","4.9000000000000004","0.7","535","13","44.1","1.1000000000000001","529","13","43.6","1.1000000000000001","68","7","5.6","0.5","8","2","0.7","0.1","1","1","0.1","0.1","6","2","0.5","0.1","5","3","0.4","0.2","74","7","6.1","0.6"
"South Carolina",".19 - 64 years","3044","6","2644","13","86.8","0.4","2269","16","74.5","0.5","1851","20","60.8","0.6","455","15","14.9","0.5","113","9","3.7","0.3","538","14","17.7","0.5","402","12","13.2","0.4","86","7","2.8","0.2","131","6","4.3","0.2","40","3","1.3","0.1","63","4","2.1","0.1","82","6","2.7","0.2","400","13","13.2","0.4"
"South Carolina",".65 years and over","1018","3","1012","3","99.5","0.1","579","10","56.9","1","303","10","29.8","1","303","8","29.7","0.7","101","7","9.9","0.7","990","4","97.3","0.3","125","6","12.3","0.6","50","4","4.9000000000000004","0.4","989","4","97.2","0.3","556","10","54.6","0.9","125","6","12.3","0.6","88","5","8.6999999999999993","0.5","5","1","0.5","0.1"
"South Dakota","All people","900","1","826","6","91.7","0.7","660","8","73.3","0.9","502","10","55.8","1.1000000000000001","166","7","18.399999999999999","0.7","34","4","3.8","0.5","291","7","32.299999999999997","0.8","132","7","14.6","0.8","31","4","3.4","0.4","173","3","19.2","0.3","96","4","10.7","0.4","28","3","3.2","0.3","32","3","3.6","0.3","74","6","8.3000000000000007","0.7"
"South Dakota",".Under 65 years","738","2","665","6","90","0.8","564","7","76.5","0.9","473","9","64.099999999999994","1.3","99","6","13.4","0.8","23","4","3.1","0.5","133","7","18.100000000000001","0.9","110","6","14.9","0.9","19","3","2.6","0.4","16","2","2.1","0.3","4","1","0.6","0.2","7","1","0.9","0.2","16","2","2.1","0.3","74","6","10","0.8"
"South Dakota",".Under 19 years","233","2","217","4","93","1.3","161","4","68.900000000000006","1.8","138","5","59.2","2.2000000000000002","20","2","8.6999999999999993","0.9","8","2","3.6","0.9","68","4","29.1","1.8","67","4","28.8","1.9","12","2","4.9000000000000004","1","1","1","0.4","0.2","D","D","D","D","1","1","0.2","0.2","1","1","0.4","0.2","16","3","7","1.3"
"South Dakota",".19 - 64 years","505","3","448","5","88.7","0.8","404","6","80","0.9","335","7","66.3","1.3","79","5","15.6","0.9","15","2","2.9","0.5","65","4","12.9","0.9","43","4","8.6","0.8","8","2","1.5","0.3","15","2","2.9","0.4","D","D","D","D","6","1","1.3","0.2","15","2","2.9","0.4","57","4","11.3","0.8"
"South Dakota",".65 years and over","162","1","161","1","99.5","0.3","96","4","59.1","2.1","29","3","18.2","1.9","67","3","41.1","2.1","11","2","6.6","1.1000000000000001","157","1","97.1","0.8","21","2","13.2","1.4","11","2","7.1","1.1000000000000001","157","1","97","0.8","92","4","56.6","2.1","21","2","13.2","1.4","16","2","10.1","1","1","1","0.5","0.3"
"Tennessee","All people","7033","3","6379","21","90.7","0.3","4660","38","66.3","0.5","3703","34","52.6","0.5","1015","27","14.4","0.4","242","11","3.4","0.2","2597","26","36.9","0.4","1400","27","19.899999999999999","0.4","247","12","3.5","0.2","1362","11","19.399999999999999","0.2","653","12","9.3000000000000007","0.2","242","10","3.4","0.1","186","7","2.6","0.1","654","20","9.3000000000000007","0.3"
"Tennessee",".Under 65 years","5812","5","5165","21","88.9","0.4","4024","34","69.2","0.6","3398","31","58.5","0.5","658","23","11.3","0.4","153","12","2.6","0.2","1415","26","24.3","0.4","1242","25","21.4","0.4","187","11","3.2","0.2","181","10","3.1","0.2","50","5","0.9","0.1","84","6","1.4","0.1","95","7","1.6","0.1","647","21","11.1","0.4"
"Tennessee",".Under 19 years","1645","6","1552","10","94.4","0.5","944","17","57.4","1.1000000000000001","797","17","48.4","1","132","10","8","0.6","57","7","3.4","0.4","701","17","42.6","1","692","17","42.1","1","89","8","5.4","0.5","12","3","0.7","0.2","3","1","0.2","0.1","6","2","0.4","0.1","5","2","0.3","0.1","93","9","5.6","0.5"
"Tennessee",".19 - 64 years","4167","8","3613","18","86.7","0.4","3080","24","73.900000000000006","0.6","2602","23","62.4","0.5","526","17","12.6","0.4","96","7","2.2999999999999998","0.2","715","17","17.100000000000001","0.4","550","15","13.2","0.3","99","6","2.4","0.1","169","9","4.0999999999999996","0.2","47","5","1.1000000000000001","0.1","78","5","1.9","0.1","90","6","2.1","0.1","554","17","13.3","0.4"
"Tennessee",".65 years and over","1221","4","1214","5","99.4","0.1","635","11","52","0.9","305","9","24.9","0.7","357","10","29.3","0.8","89","5","7.3","0.4","1182","5","96.7","0.2","158","8","12.9","0.6","60","4","4.9000000000000004","0.3","1180","5","96.6","0.2","602","11","49.3","0.9","158","8","12.9","0.6","91","4","7.4","0.3","7","2","0.6","0.1"
"Texas","All people","30020","8","25100","59","83.6","0.2","19020","81","63.3","0.3","15460","84","51.5","0.3","3835","45","12.8","0.2","949","31","3.2","0.1","8806","61","29.3","0.2","4864","61","16.2","0.2","742","20","2.5","0.1","4350","22","14.5","0.1","1941","23","6.5","0.1","779","18","2.6","0.1","696","16","2.2999999999999998","0.1","4917","58","16.399999999999999","0.2"
"Texas",".Under 65 years","25920","10","21080","60","81.3","0.2","17040","77","65.7","0.3","14340","82","55.3","0.3","2884","43","11.1","0.2","660","28","2.5","0.1","4959","62","19.100000000000001","0.2","4315","59","16.7","0.2","563","19","2.2000000000000002","0.1","508","17","2","0.1","139","9","0.5","Z","231","11","0.9","Z","420","14","1.6","0.1","4837","57","18.7","0.2"
"Texas",".Under 19 years","7949","11","7007","30","88.1","0.3","4372","40","55","0.5","3703","42","46.6","0.5","619","20","7.8","0.3","226","15","2.8","0.2","2925","47","36.799999999999997","0.6","2881","47","36.200000000000003","0.6","279","12","3.5","0.2","52","7","0.7","0.1","8","2","0.1","Z","22","4","0.3","Z","21","4","0.3","Z","943","28","11.9","0.3"
"Texas",".19 - 64 years","17970","15","14070","46","78.3","0.2","12660","50","70.5","0.3","10640","54","59.2","0.3","2266","34","12.6","0.2","434","17","2.4","0.1","2033","28","11.3","0.2","1435","23","8","0.1","284","11","1.6","0.1","456","15","2.5","0.1","131","8","0.7","Z","209","10","1.2","0.1","400","13","2.2000000000000002","0.1","3895","42","21.7","0.2"
"Texas",".65 years and over","4104","6","4024","8","98.1","0.1","1982","20","48.3","0.5","1117","16","27.2","0.4","950","18","23.2","0.4","289","9","7","0.2","3847","13","93.7","0.3","548","12","13.4","0.3","179","8","4.4000000000000004","0.2","3842","13","93.6","0.3","1802","21","43.9","0.5","548","12","13.4","0.3","276","8","6.7","0.2","80","5","1.9","0.1"
"Utah","All people","3391","1","3121","14","92","0.4","2649","22","78.099999999999994","0.7","2182","25","64.3","0.7","514","18","15.2","0.5","83","7","2.4","0.2","765","15","22.6","0.4","380","16","11.2","0.5","89","7","2.6","0.2","426","4","12.6","0.1","208","6","6.1","0.2","61","3","1.8","0.1","49","4","1.4","0.1","270","14","8","0.4"
"Utah",".Under 65 years","2981","2","2713","15","91","0.5","2432","20","81.599999999999994","0.7","2069","24","69.400000000000006","0.8","405","18","13.6","0.6","55","6","1.9","0.2","377","15","12.7","0.5","338","15","11.3","0.5","72","7","2.4","0.2","39","3","1.3","0.1","12","2","0.4","0.1","20","2","0.7","0.1","24","2","0.8","0.1","268","15","9","0.5"
"Utah",".Under 19 years","989","4","924","8","93.4","0.7","788","13","79.599999999999994","1.2","671","14","67.8","1.3","119","10","12.1","1","21","3","2.1","0.4","176","10","17.8","1","174","10","17.600000000000001","1","38","5","3.9","0.5","2","1","0.2","0.1","1","Z","0.1","Z","1","1","0.1","0.1","1","1","0.1","0.1","66","7","6.6","0.7"
"Utah",".19 - 64 years","1992","4","1789","11","89.9","0.5","1645","12","82.6","0.6","1398","17","70.2","0.8","286","11","14.3","0.5","35","4","1.7","0.2","202","9","10.1","0.5","164","9","8.1999999999999993","0.4","34","4","1.7","0.2","37","3","1.9","0.1","12","2","0.6","0.1","19","2","1","0.1","23","2","1.2","0.1","202","11","10.1","0.5"
"Utah",".65 years and over","410","2","408","2","99.4","0.2","216","5","52.7","1.3","113","5","27.6","1.3","109","5","26.6","1.3","28","3","6.8","0.6","388","3","94.5","0.6","41","3","10.1","0.7","17","2","4","0.4","387","3","94.4","0.6","196","6","47.7","1.3","41","3","10.1","0.7","25","2","6","0.6","3","1","0.6","0.2"
"Vermont","All people","642","Z","620","2","96.6","0.4","449","8","69.900000000000006","1.2","361","8","56.2","1.3","102","5","15.8","0.8","13","2","2.1","0.3","271","7","42.2","1.1000000000000001","144","7","22.4","1.1000000000000001","22","3","3.4","0.4","152","3","23.7","0.4","83","3","12.9","0.5","29","3","4.5999999999999996","0.4","15","2","2.2999999999999998","0.3","22","3","3.4","0.4"
"Vermont",".Under 65 years","502","1","480","3","95.7","0.5","364","7","72.7","1.3","316","8","62.9","1.5","54","4","10.8","0.8","7","2","1.4","0.3","136","7","27","1.4","125","7","24.9","1.4","14","3","2.9","0.5","17","2","3.3","0.4","3","1","0.6","0.2","11","2","2.1","0.3","7","1","1.3","0.2","21","3","4.3","0.5"
"Vermont",".Under 19 years","124","2","121","2","97.9","0.8","79","3","63.9","2.2999999999999998","72","4","58","2.7","8","1","6.3","1.2","1","1","0.9","0.4","48","3","39","2.7","48","3","38.799999999999997","2.7","6","1","4.8","1.2","Z","Z","0.2","0.2","Z","Z","0.1","0.2","0","0","0","0","0","0","0","0","3","1","2.1","0.8"
"Vermont",".19 - 64 years","378","2","359","3","95","0.6","285","5","75.5","1.4","244","6","64.5","1.6","46","4","12.3","0.9","6","1","1.5","0.4","87","5","23.1","1.4","77","5","20.3","1.3","8","2","2.2000000000000002","0.4","17","2","4.4000000000000004","0.6","3","1","0.8","0.2","11","2","2.8","0.4","7","1","1.8","0.3","19","2","5","0.6"
"Vermont",".65 years and over","140","1","140","1","99.8","0.2","84","3","60","2","45","3","32.1","1.8","47","3","33.799999999999997","1.8","6","1","4.5999999999999996","0.8","136","1","96.6","0.6","19","2","13.4","1.3","7","1","5.3","0.8","136","1","96.5","0.6","80","3","56.8","2","19","2","13.4","1.3","8","1","5.7","0.7","Z","Z","0.2","0.2"
"Virginia","All people","8489","6","7946","19","93.6","0.2","6177","37","72.8","0.4","4936","36","58.1","0.4","1119","22","13.2","0.3","663","19","7.8","0.2","2964","32","34.9","0.4","1448","34","17.100000000000001","0.4","258","16","3","0.2","1555","9","18.3","0.1","888","12","10.5","0.1","199","7","2.2999999999999998","0.1","296","10","3.5","0.1","543","18","6.4","0.2"
"Virginia",".Under 65 years","7023","7","6492","19","92.4","0.3","5274","34","75.099999999999994","0.5","4444","35","63.3","0.5","668","20","9.5","0.3","484","18","6.9","0.3","1575","33","22.4","0.5","1315","33","18.7","0.5","203","15","2.9","0.2","168","7","2.4","0.1","50","4","0.7","0.1","66","5","0.9","0.1","202","9","2.9","0.1","531","18","7.6","0.3"
"Virginia",".Under 19 years","1997","7","1906","11","95.4","0.4","1367","19","68.5","0.9","1123","19","56.2","0.9","136","8","6.8","0.4","182","11","9.1","0.5","642","20","32.1","1","620","20","31","1","96","10","4.8","0.5","14","3","0.7","0.1","4","1","0.2","0.1","5","2","0.2","0.1","24","3","1.2","0.2","92","8","4.5999999999999996","0.4"
"Virginia",".19 - 64 years","5026","10","4587","16","91.3","0.3","3907","22","77.7","0.4","3321","22","66.099999999999994","0.4","532","15","10.6","0.3","302","10","6","0.2","933","20","18.600000000000001","0.4","696","19","13.8","0.4","107","8","2.1","0.2","155","6","3.1","0.1","45","3","0.9","0.1","62","4","1.2","0.1","178","8","3.6","0.2","439","14","8.6999999999999993","0.3"
"Virginia",".65 years and over","1466","4","1453","4","99.1","0.2","903","12","61.6","0.8","492","11","33.6","0.7","451","10","30.8","0.7","179","7","12.2","0.5","1389","5","94.7","0.3","133","6","9.1","0.4","56","3","3.8","0.2","1387","5","94.6","0.3","838","12","57.2","0.8","133","6","9.1","0.4","94","5","6.4","0.4","13","2","0.9","0.2"
"Washington","All people","7694","4","7213","18","93.7","0.2","5401","32","70.2","0.4","4492","34","58.4","0.5","964","20","12.5","0.3","292","12","3.8","0.2","2809","27","36.5","0.3","1588","27","20.6","0.3","289","13","3.8","0.2","1371","7","17.8","0.1","726","11","9.4","0.1","229","8","3","0.1","184","7","2.4","0.1","481","17","6.3","0.2"
"Washington",".Under 65 years","6380","5","5908","18","92.6","0.3","4649","30","72.900000000000006","0.5","4100","32","64.3","0.5","563","15","8.8000000000000007","0.2","190","12","3","0.2","1564","27","24.5","0.4","1428","26","22.4","0.4","225","12","3.5","0.2","127","6","2","0.1","34","3","0.5","0.1","69","4","1.1000000000000001","0.1","97","6","1.5","0.1","472","17","7.4","0.3"
"Washington",".Under 19 years","1742","5","1684","8","96.7","0.4","1106","18","63.5","1","963","18","55.3","1","116","8","6.7","0.5","69","7","4","0.4","682","16","39.200000000000003","0.9","675","15","38.799999999999997","0.9","101","8","5.8","0.4","10","3","0.6","0.1","2","1","0.1","0.1","6","2","0.3","0.1","4","1","0.2","0.1","58","7","3.3","0.4"
"Washington",".19 - 64 years","4638","8","4224","16","91.1","0.3","3543","19","76.400000000000006","0.4","3136","22","67.599999999999994","0.5","447","11","9.6","0.2","121","7","2.6","0.1","882","16","19","0.3","753","16","16.2","0.3","124","7","2.7","0.2","117","6","2.5","0.1","32","3","0.7","0.1","64","4","1.4","0.1","93","5","2","0.1","414","14","8.9","0.3"
"Washington",".65 years and over","1314","3","1305","3","99.3","0.1","752","11","57.2","0.8","392","10","29.8","0.8","401","11","30.5","0.8","102","5","7.7","0.4","1245","5","94.7","0.3","160","7","12.2","0.5","64","4","4.9000000000000004","0.3","1244","5","94.6","0.3","692","10","52.6","0.8","160","7","12.2","0.5","87","4","6.6","0.3","10","2","0.7","0.1"
"West Virginia","All people","1736","1","1633","7","94.1","0.4","1099","17","63.3","1","940","16","54.2","0.9","199","8","11.5","0.5","44","4","2.6","0.2","821","14","47.3","0.8","459","15","26.4","0.8","77","6","4.4000000000000004","0.3","425","5","24.5","0.3","223","7","12.8","0.4","81","5","4.7","0.3","59","4","3.4","0.2","103","7","5.9","0.4"
"West Virginia",".Under 65 years","1365","2","1263","7","92.5","0.5","885","15","64.8","1.1000000000000001","799","15","58.5","1.1000000000000001","103","7","7.5","0.5","23","3","1.7","0.3","459","15","33.6","1.1000000000000001","408","14","29.9","1","56","5","4.0999999999999996","0.4","63","5","4.5999999999999996","0.3","16","2","1.2","0.2","30","4","2.2000000000000002","0.3","23","3","1.7","0.2","102","7","7.5","0.5"
"West Virginia",".Under 19 years","376","3","365","4","97","0.6","216","8","57.3","2","196","7","52.2","1.9","21","3","5.7","0.8","6","2","1.6","0.4","173","7","46","2","171","7","45.5","2","23","3","6.1","0.9","2","1","0.5","0.2","1","1","0.2","0.1","1","Z","0.2","0.1","1","1","0.3","0.2","11","2","3","0.6"
"West Virginia",".19 - 64 years","989","4","899","7","90.9","0.6","669","11","67.7","1.1000000000000001","603","11","60.9","1.1000000000000001","82","5","8.3000000000000007","0.5","17","3","1.7","0.3","286","10","28.9","1","237","9","24","1","33","3","3.4","0.3","61","5","6.2","0.5","16","2","1.6","0.2","30","4","3","0.4","22","2","2.2000000000000002","0.2","90","6","9.1","0.6"
"West Virginia",".65 years and over","371","2","370","2","99.8","0.1","214","6","57.7","1.6","141","5","38.1","1.4","96","5","25.9","1.3","22","2","5.9","0.5","363","2","97.8","0.4","51","3","13.6","0.9","21","2","5.7","0.5","362","2","97.5","0.4","207","6","55.6","1.7","51","3","13.6","0.9","36","3","9.6","0.7","1","Z","0.2","0.1"
"Wisconsin","All people","5851","1","5567","12","95.1","0.2","4259","23","72.8","0.4","3513","26","60","0.4","889","18","15.2","0.3","87","6","1.5","0.1","2106","22","36","0.4","1082","21","18.5","0.4","230","10","3.9","0.2","1181","6","20.2","0.1","607","9","10.4","0.1","197","7","3.4","0.1","121","5","2.1","0.1","284","12","4.9000000000000004","0.2"
"Wisconsin",".Under 65 years","4744","3","4465","11","94.1","0.3","3650","22","76.900000000000006","0.5","3271","24","68.900000000000006","0.5","486","17","10.199999999999999","0.4","54","5","1.1000000000000001","0.1","1034","22","21.8","0.5","950","21","20","0.4","173","9","3.6","0.2","110","5","2.2999999999999998","0.1","29","3","0.6","0.1","65","4","1.4","0.1","47","3","1","0.1","279","12","5.9","0.3"
"Wisconsin",".Under 19 years","1325","5","1271","7","95.9","0.4","914","13","69","1","847","14","63.9","1","81","6","6.1","0.4","16","2","1.2","0.2","448","13","33.799999999999997","1","446","13","33.6","1","91","6","6.8","0.4","4","1","0.3","0.1","1","1","0.1","Z","2","1","0.2","0.1","1","1","0.1","Z","54","5","4.0999999999999996","0.4"
"Wisconsin",".19 - 64 years","3419","5","3194","10","93.4","0.3","2735","14","80","0.4","2424","16","70.900000000000006","0.5","405","13","11.9","0.4","38","3","1.1000000000000001","0.1","586","12","17.100000000000001","0.4","504","12","14.7","0.3","82","5","2.4","0.2","106","5","3.1","0.1","28","2","0.8","0.1","62","4","1.8","0.1","46","3","1.3","0.1","225","9","6.6","0.3"
"Wisconsin",".65 years and over","1107","3","1103","3","99.6","0.1","609","8","55","0.7","242","7","21.9","0.6","403","8","36.4","0.7","33","3","3","0.3","1072","4","96.8","0.3","132","5","12","0.4","57","3","5.0999999999999996","0.3","1071","4","96.7","0.3","578","8","52.2","0.7","132","5","12","0.4","74","3","6.7","0.3","5","1","0.4","0.1"
"Wyoming","All people","574","1","513","6","89.3","1","407","9","71","1.6","310","9","54","1.5","104","6","18","1.1000000000000001","23","3","4","0.5","190","6","33.200000000000003","1.1000000000000001","79","6","13.8","1.1000000000000001","20","3","3.5","0.5","117","3","20.399999999999999","0.4","65","3","11.3","0.6","13","2","2.2999999999999998","0.3","20","2","3.6","0.4","61","6","10.7","1"
"Wyoming",".Under 65 years","464","1","403","6","86.9","1.3","343","8","73.8","1.8","283","9","61","1.9","63","6","13.6","1.3","15","2","3.2","0.5","84","6","18.100000000000001","1.3","70","6","15.2","1.3","15","3","3.3","0.6","11","2","2.2999999999999998","0.4","4","1","0.8","0.2","5","1","1","0.2","9","2","2","0.3","61","6","13.1","1.3"
"Wyoming",".Under 19 years","137","2","127","3","92.8","2","89","5","65.2","3.6","76","5","55.3","3.3","13","3","9.4","2","4","1","3.2","0.9","46","4","33.6","3","45","4","33.299999999999997","3","8","2","6","1.5","1","1","0.6","0.4","0","0","0","0","Z","Z","0.2","0.2","0","0","0","0","10","3","7.2","2"
"Wyoming",".19 - 64 years","327","2","276","4","84.4","1.3","254","5","77.400000000000006","1.5","207","6","63.3","1.9","50","5","15.4","1.4","10","2","3.2","0.5","38","3","11.6","1","25","3","7.6","1","7","2","2.1","0.5","10","2","3","0.5","4","1","1.1000000000000001","0.3","4","1","1.3","0.3","9","2","2.8","0.5","51","4","15.6","1.3"
"Wyoming",".65 years and over","110","1","110","1","99.8","0.2","65","3","58.9","2.8","27","3","24.5","2.2999999999999998","40","3","36.799999999999997","2.5","8","1","7.2","1.1000000000000001","106","2","96.9","1","9","1","8","1.4","5","1","4.4000000000000004","1","106","2","96.8","1","61","3","56","2.8","9","1","8","1.4","11","1","10.3","1.2","Z","Z","0.2","0.2"
"""Z"" - A ""Z"" rounds to zero.",NA,NA,NA,NA,NA,NA,NA,NA,NA,NA,NA,NA,NA,NA,NA,NA,NA,NA,NA,NA,NA,NA,NA,NA,NA,NA,NA,NA,NA,NA,NA,NA,NA,NA,NA,NA,NA,NA,NA,NA,NA,NA,NA,NA,NA,NA,NA,NA,NA,NA,NA,NA,NA,NA,NA
"""D"" - A ""D"" entry in a column indicates that insufficient observations were available to disclose these estimates and/or complementary cell suppression was done.",NA,NA,NA,NA,NA,NA,NA,NA,NA,NA,NA,NA,NA,NA,NA,NA,NA,NA,NA,NA,NA,NA,NA,NA,NA,NA,NA,NA,NA,NA,NA,NA,NA,NA,NA,NA,NA,NA,NA,NA,NA,NA,NA,NA,NA,NA,NA,NA,NA,NA,NA,NA,NA,NA,NA
"1 Data are based on a sample and are subject to sampling variability. A margin of error is a measure of an estimate's variability. The larger the margin of error in relation to the size of the estimates, the less reliable the estimate. When added to and subtracted from the estimate, the margin of error forms the 90 percent confidence interval.",NA,NA,NA,NA,NA,NA,NA,NA,NA,NA,NA,NA,NA,NA,NA,NA,NA,NA,NA,NA,NA,NA,NA,NA,NA,NA,NA,NA,NA,NA,NA,NA,NA,NA,NA,NA,NA,NA,NA,NA,NA,NA,NA,NA,NA,NA,NA,NA,NA,NA,NA,NA,NA,NA,NA
"Information on confidentiality protection, sampling error, nonsampling error, and definitions is available at <https://www2.census.gov/programs-surveys/acs/tech_docs/accuracy/ACS_Accuracy_of_Data_2023.pdf>.",NA,NA,NA,NA,NA,NA,NA,NA,NA,NA,NA,NA,NA,NA,NA,NA,NA,NA,NA,NA,NA,NA,NA,NA,NA,NA,NA,NA,NA,NA,NA,NA,NA,NA,NA,NA,NA,NA,NA,NA,NA,NA,NA,NA,NA,NA,NA,NA,NA,NA,NA,NA,NA,NA,NA
"The Census Bureau has reviewed this data product to ensure appropriate access, use, and disclosure avoidance protection of the confidential source data used to produce this product (Data Management System (DMS) number: P7533841, Disclosure Review Board (DRB) approval number:CBDRBFY250385.",NA,NA,NA,NA,NA,NA,NA,NA,NA,NA,NA,NA,NA,NA,NA,NA,NA,NA,NA,NA,NA,NA,NA,NA,NA,NA,NA,NA,NA,NA,NA,NA,NA,NA,NA,NA,NA,NA,NA,NA,NA,NA,NA,NA,NA,NA,NA,NA,NA,NA,NA,NA,NA,NA,NA
"Source: U.S. Census Bureau, 2023 American Community Survey 1-year estimates. For more information, see <https://www.census.gov/programs-surveys/acs/>.",NA,NA,NA,NA,NA,NA,NA,NA,NA,NA,NA,NA,NA,NA,NA,NA,NA,NA,NA,NA,NA,NA,NA,NA,NA,NA,NA,NA,NA,NA,NA,NA,NA,NA,NA,NA,NA,NA,NA,NA,NA,NA,NA,NA,NA,NA,NA,NA,NA,NA,NA,NA,NA,NA,NA
"Updated Date: 8/11/2025",NA,NA,NA,NA,NA,NA,NA,NA,NA,NA,NA,NA,NA,NA,NA,NA,NA,NA,NA,NA,NA,NA,NA,NA,NA,NA,NA,NA,NA,NA,NA,NA,NA,NA,NA,NA,NA,NA,NA,NA,NA,NA,NA,NA,NA,NA,NA,NA,NA,NA,NA,NA,NA,NA,NA
